area_id,class_id,county_id,dev_category,parcel_id,job_spaces,resunits,acres,sf_res,sf_com,acres_res,acres_com
0,2,4.0,Developable,46.0,0.0,0.0,30.777796030961806,0.0,0.0,0.0,0.0
0,2,4.0,Remain,21.0,0.0,6.391682516678312,6.4266451784868615,25060.942589224356,0.0,6.4266451784868615,0.0
0,2,4.0,Undevelopable,22.0,0.0,0.06148966803164001,6.743386570064079,180.41068600459005,0.0,0.0,0.0
1,0,4.0,Developable,98.0,0.0,0.0,21.879748583641906,0.0,0.0,0.0,0.0
1,0,4.0,Remain,33.0,492.71635745643744,3.4132754803135996,22.210931950151544,7539.3918322536,184465.7437496882,0.8943493572662199,21.316582592885318
1,0,4.0,Undevelopable,23.0,0.0,0.0,20.616794054175656,0.0,0.0,0.0,0.0
1,8,4.0,Developable,181.0,0.0,0.0,45.559632430801265,0.0,0.0,0.0,0.0
1,8,4.0,Redevelopable,4.0,0.0,2.2815012985235135,1.1700841769811139,4504.938987740428,0.0,1.1700841769811139,0.0
1,8,4.0,Remain,531.0,3981.1054009570416,197.7321943806202,187.94914487191255,164726.60376306387,1528947.4449344121,27.30658175859135,160.64256311332113
1,8,4.0,Undevelopable,136.0,4.000450262469064,3.000244466195231,22.26947916049551,5092.414940622382,2532.285016146083,0.0,0.0
2,8,4.0,Developable,38.0,0.0,0.0,55.16753985047717,0.0,0.0,0.0,0.0
2,8,4.0,Remain,28.0,2288.15103489969,0.9955144406157949,60.55473397009982,1813.8273108002197,1619944.5289852326,14.733091006885518,45.821642963214295
2,8,4.0,Undevelopable,11.0,4.000474930140236,0.0,1.3277151492345285,0.0,1000.1187325360563,0.0,0.0
5,8,2.0,Developable,166.0,0.0,0.0,285.85349718414557,0.0,0.0,0.0,0.0
5,8,2.0,Redevelopable,2.0,3.00022145053,0.930431848861,16.819438021434,4227.88232123,2925.21591427,15.8461889645,0.973249056934
5,8,2.0,Remain,102.0,1509.788277532142,92.99889881133501,127.61371958866242,241311.41510006002,1136758.5547875727,38.856646035107005,88.7570735535554
5,8,2.0,Undevelopable,58.0,51.28519065353,698.2110529813999,343.62208909553175,1787031.2261029999,43576.751753770004,0.0,0.0
6,10,2.0,Developable,34.0,0.0,0.0,43.45440633808173,0.0,0.0,0.0,0.0
6,10,2.0,Redevelopable,3.0,125.74691399321,0.0,28.99436461459,0.0,44786.68473364,0.0,28.99436461459
6,10,2.0,Remain,23.0,1395.1015808366,0.0078395128746,16.3261534330255,20.3731631613,808470.7775694,0.0543838017775,16.271769631248
6,10,2.0,Undevelopable,40.0,456.75211142555,0.0,63.57463970782401,0.0,160995.32067008,0.0,0.0
7,8,1.0,Developable,34.0,0.0,0.0,0.8002384262917801,0.0,0.0,0.0,0.0
7,8,1.0,Redevelopable,6.0,62.05641776681,0.0,9.856027292178,0.0,25204.917230029998,0.0,9.856027292178
7,8,1.0,Remain,15.0,299.6953788112124,1.437227420569,12.437574280725839,1945.141109972,117140.33020529879,0.5837125565735001,11.853861724152338
7,8,1.0,Undevelopable,2.0,0.0,27.6591094155,1.699448862489,42453.4138596,0.0,0.0,0.0
8,8,1.0,Developable,13.0,0.0,0.0,2.55435088450869,0.0,0.0,0.0,0.0
8,8,1.0,Redevelopable,21.0,103.26682082041486,3.639046313075,5.720722984414873,3160.4103371399997,48553.68620151017,0.6396838833240001,5.081039101090872
8,8,1.0,Remain,95.0,388.70351907397855,120.8246058204115,18.379735059334774,85654.7015413265,211652.78743595388,10.489122908061411,7.890612151273364
8,8,1.0,Undevelopable,7.0,25.94878217559,0.0,5.57684898805225,0.0,11258.63244066,0.0,0.0
9,8,1.0,Developable,62.0,0.0,0.0,10.670130264178782,0.0,0.0,0.0,0.0
9,8,1.0,Redevelopable,26.0,102.98538318279763,12.998219381118998,6.7494765537661845,32803.50974988,62228.15900363864,3.075404473519,3.674072080247184
9,8,1.0,Remain,185.0,2322.7998148353386,143.98026667863192,43.82752986701765,166795.1628592699,1343721.7583979575,14.11593830865882,29.71159155835887
9,8,1.0,Undevelopable,9.0,196.97289241194,0.0,9.3585445074942,0.0,69348.456545428,0.0,0.0
12,8,1.0,Developable,13.0,0.0,0.0,10.548388134564151,0.0,0.0,0.0,0.0
12,8,1.0,Redevelopable,2.0,355.944688864,0.999847891865,14.250215057673,1281.80499737,133123.313635,0.445277679773,13.8049373779
12,8,1.0,Remain,53.0,2179.1931546117953,8.087687350948078,76.76371626516311,21065.4027109327,850363.4885674764,3.4515924180113493,73.31212384715177
12,8,1.0,Undevelopable,11.0,53.8190693427,0.0,1.2125150903523303,0.0,52473.5926091,0.0,0.0
13,2,1.0,Developable,71.0,0.0,0.0,80.86541394675503,0.0,0.0,0.0,0.0
13,2,1.0,Redevelopable,8.0,298.02888837399996,4.2546289876897,22.23029170414786,4993.0030125997,290578.166165,1.4592362245378598,20.77105547961
13,2,1.0,Remain,40.0,4.969097720789,124.61014044439861,13.824786313585818,155846.1526390188,3145.438857261,12.601287560953416,1.2234987526324
13,2,1.0,Undevelopable,6.0,0.0,0.0,6.8822016891929,0.0,0.0,0.0,0.0
14,0,1.0,Developable,29.0,0.0,0.0,51.98646180554431,0.0,0.0,0.0,0.0
14,0,1.0,Redevelopable,9.0,6.864229635571999,3.8304723383978003,1.17345621095835,6431.421373437101,4845.2227526375,0.6773745172343,0.49608169372405
14,0,1.0,Remain,39.0,90.84647275775401,101.6822170639807,10.226315217345446,110029.62198268947,49114.22831407,8.428707143236846,1.7976080741086
14,0,1.0,Undevelopable,8.0,0.0,0.0,6.48467751101965,0.0,0.0,0.0,0.0
14,8,1.0,Developable,95.0,0.0,0.0,29.68570929499898,0.0,0.0,0.0,0.0
14,8,1.0,Redevelopable,23.0,57.9180438676216,7.3202116610379315,7.428931303168265,13985.699028545778,35139.425631308164,2.2260995031961004,5.202831799972164
14,8,1.0,Remain,513.0,2005.8745181039199,670.6939843123637,138.40520337117675,687749.8494472755,1098497.330023851,69.67964306759175,68.72556030358491
14,8,1.0,Undevelopable,58.0,1294.577926231653,5.264471170254,43.27977732013081,6848.843586635,744832.1858227666,0.0,0.0
15,0,1.0,Developable,13.0,0.0,0.0,6.7232134714540495,0.0,0.0,0.0,0.0
15,0,1.0,Redevelopable,2.0,84.076002208267,0.0,6.8156031999065,0.0,81974.10215304,0.0,6.8156031999065
15,0,1.0,Remain,2.0,0.0,7.899485677557601,0.5382271967155701,10050.579272728,0.0,0.5382271967155701,0.0
15,0,1.0,Undevelopable,2.0,0.0,0.0,0.052877046575848005,0.0,0.0,0.0,0.0
15,8,1.0,Developable,106.0,0.0,0.0,90.17013564302304,0.0,0.0,0.0,0.0
15,8,1.0,Redevelopable,9.0,123.32138177715937,0.0,18.988743571987143,0.0,79479.67673137508,0.0,18.988743571987143
15,8,1.0,Remain,313.0,2087.6575173742726,569.347271034264,157.4920066913952,724216.4615651545,1648567.5723546022,59.691345608912954,97.80066108248214
15,8,1.0,Undevelopable,29.0,0.0,0.0,20.262984420840546,0.0,0.0,0.0,0.0
16,10,1.0,Developable,54.0,0.0,0.0,80.5586479798866,0.0,0.0,0.0,0.0
16,10,1.0,Remain,177.0,1472.2889633973896,736.2070565428165,51.28317285204523,642494.8642649521,821265.8031853,33.236033607219234,18.047139244826003
16,10,1.0,Undevelopable,32.0,39.72282991347072,0.0,34.92351007643288,0.0,22483.551615172815,0.0,0.0
17,8,1.0,Developable,21.0,0.0,0.0,2.280343901587286,0.0,0.0,0.0,0.0
17,8,1.0,Redevelopable,15.0,60.078574680290004,0.999698709665,8.150527292033,1799.4576774,27433.22745543,0.0,8.150527292033
17,8,1.0,Remain,106.0,339.97255035851396,80.70901255701901,26.4937395951885,90381.19575734793,215083.25985338495,12.200717745563598,14.293021849624902
17,8,1.0,Undevelopable,2.0,62.1232733818,0.0,1.2267931557842842,0.0,21743.1456836,0.0,0.0
18,8,1.0,Developable,1.0,0.0,0.0,0.0315420440239,0.0,0.0,0.0,0.0
18,8,1.0,Undevelopable,5.0,0.000383043380395,0.0,0.6654824803578,0.0,0.134065183138,0.0,0.0
19,8,1.0,Developable,2.0,0.0,0.0,0.23228206666089998,0.0,0.0,0.0,0.0
19,8,1.0,Remain,4.0,0.0,0.14790514177885,0.12009937766637001,324.42536656302,0.0,0.12009937766637001,0.0
20,8,2.0,Developable,5.0,0.0,0.0,0.34602979750260004,0.0,0.0,0.0,0.0
20,8,2.0,Redevelopable,2.0,18.9146924002,0.588065883131,0.724661967251,1296.09720642,3608.81204707,0.170535234383,0.554126732868
20,8,2.0,Remain,34.0,0.0,12.114738344290062,3.48299450869384,45694.861029055195,0.0,3.48299450869384,0.0
20,8,2.0,Undevelopable,40.0,8.71320938278,11.000195074319999,61.210405661009894,21697.267509375,3049.62328397,0.0,0.0
21,8,2.0,Developable,17.0,0.0,0.0,2.1410825760131496,0.0,0.0,0.0,0.0
21,8,2.0,Redevelopable,4.0,137.85636099779998,1.00001463149,5.802362349197,1456.02130346,78715.9671231,0.222902500221,5.579459848976
21,8,2.0,Remain,159.0,940.5734387822903,102.78401330358312,41.48468470565959,215609.93585115127,577188.7937744044,20.82843996426348,20.656244741396122
21,8,2.0,Undevelopable,14.0,39.0004556015,0.0,6.206127043661297,0.0,14586.170395,0.0,0.0
22,8,2.0,Developable,10.0,0.0,0.0,1.15401096036635,0.0,0.0,0.0,0.0
22,8,2.0,Redevelopable,1.0,0.0,0.550903378844,0.270777352728,1343.10243762,0.0,0.270777352728,0.0
22,8,2.0,Remain,131.0,561.9801976634999,97.93388788067611,20.97988443380169,193510.2640251016,332977.38701167004,12.665022643374195,8.314861790427498
22,8,2.0,Undevelopable,22.0,69.91908459038001,2.195871120728,8.57931856144915,5841.74936338,43851.86267532,0.0,0.0
23,10,2.0,Developable,31.0,0.0,0.0,19.22305399038614,0.0,0.0,0.0,0.0
23,10,2.0,Redevelopable,1.0,2.00001569,0.0,0.792192842498,0.0,748.005868059,0.0,0.792192842498
23,10,2.0,Remain,80.0,9656.297085112983,40.47660067938689,64.29973271817215,196055.634788623,6331665.584384419,10.541694622188249,53.75803809598391
23,10,2.0,Undevelopable,30.0,11.922965051968799,1.166507373799,192.93935168172,5002.592435255,7530.629621427899,0.0,0.0
24,8,2.0,Developable,48.0,0.0,0.0,13.396347630230995,0.0,0.0,0.0,0.0
24,8,2.0,Redevelopable,6.0,26.00030352741,1.00001392417,2.76412984988,1344.01871409,17557.20890857,0.593778525442,2.170351324438
24,8,2.0,Remain,746.0,4613.933191268979,1484.8994123857806,162.7467611817644,1209264.31083397,2437336.3180740746,77.80471897487072,84.94204220689367
24,8,2.0,Undevelopable,32.0,40.981827331793994,0.0,35.39120312246964,0.0,25941.496701001,0.0,0.0
25,6,2.0,Developable,2.0,0.0,0.0,1.2027851477246,0.0,0.0,0.0,0.0
25,6,2.0,Redevelopable,1.0,0.0,1.00004929824,0.740501501961,1778.08765227,0.0,0.740501501961,0.0
25,6,2.0,Remain,107.0,0.0,95.61567032955195,21.74374003093153,312716.6733091764,0.0,21.74374003093153,0.0
25,6,2.0,Undevelopable,3.0,0.0,0.0,4.5520990012492994,0.0,0.0,0.0,0.0
26,4,2.0,Developable,34.0,0.0,0.0,24.000950483838086,0.0,0.0,0.0,0.0
26,4,2.0,Redevelopable,8.0,327.97552885636003,2.0194677302749,10.6818290902462,4941.0214745446,317721.98844374,4.5079386863952005,6.173890403851
26,4,2.0,Remain,40.0,622.95892412029,15.387802394862222,19.32019466910688,40588.01743453131,345516.7226795101,6.388974614419184,12.9312200546877
26,4,2.0,Undevelopable,17.0,18.2751939175,0.236768945152,21.597287902941424,586.856494071,6834.92252514,0.0,0.0
26,8,2.0,Developable,20.0,0.0,0.0,5.503740183214601,0.0,0.0,0.0,0.0
26,8,2.0,Redevelopable,8.0,44.782948337052005,1.387385412503,1.7868049968178,3595.82034035,23224.2047478554,1.115843837486,0.6709611593318
26,8,2.0,Remain,38.0,417.016803799209,16.9254167921315,16.4035430410073,35600.91706946519,206274.294029959,6.9169127445355,9.4866302964718
26,8,2.0,Undevelopable,5.0,0.0,0.0,8.683533732580802,0.0,0.0,0.0,0.0
27,2,2.0,Developable,21.0,0.0,0.0,8.92334621350061,0.0,0.0,0.0,0.0
27,2,2.0,Remain,103.0,24.9152964972,85.26612524960832,54.72559068865196,284333.67017799657,24292.4140848,51.84328725391197,2.88230343474
27,2,2.0,Undevelopable,8.0,0.0,0.0,5.569750356200052,0.0,0.0,0.0,0.0
28,6,2.0,Developable,17.0,0.0,0.0,7.01139982395218,0.0,0.0,0.0,0.0
28,6,2.0,Redevelopable,3.0,48.04666274014,0.0,1.605973502526,0.0,32482.727723229997,0.0,1.605973502526
28,6,2.0,Remain,64.0,834.5326535212594,42.510412391340715,27.32950621667516,111154.87524944068,409272.5804937492,7.620911351388412,19.708594865286745
28,6,2.0,Undevelopable,9.0,10.7264118904,0.763285932808,5.7748764795944,1891.88369367,4011.67804702,0.0,0.0
29,8,2.0,Developable,75.0,0.0,0.0,109.68993197354149,0.0,0.0,0.0,0.0
29,8,2.0,Remain,12.0,22.1268975438,3.0771685848671995,14.27794795574311,6930.0558327006,7744.41414032,0.7193467262431099,13.5586012295
29,8,2.0,Undevelopable,17.0,0.0,0.0,28.07389099123075,0.0,0.0,0.0,0.0
31,6,2.0,Developable,30.0,0.0,0.0,20.427638199683607,0.0,0.0,0.0,0.0
31,6,2.0,Redevelopable,14.0,42.291219257600005,13.55142511786,9.760270189769003,30305.220738149,26770.34179009,8.706063474989001,1.05420671478
31,6,2.0,Remain,211.0,100.473372355209,196.28965935536596,36.500527128951994,424530.5762444659,63599.644700778,34.54990103843149,1.9506260905205002
31,6,2.0,Undevelopable,21.0,9.00047390132,2.00451940464335,17.09838546721933,4896.8354954222,3150.16586546,0.0,0.0
32,10,2.0,Developable,57.0,0.0,0.0,83.53121579074667,0.0,0.0,0.0,0.0
32,10,2.0,Redevelopable,1.0,0.00134835799851,0.0,9.14604080916e-05,0.0,0.471925299479,0.0,9.14604080916e-05
32,10,2.0,Remain,37.0,80.00535178913998,0.0,2.7263182304587015,0.0,65496.385610168996,0.0,2.7263182304587015
32,10,2.0,Undevelopable,187.0,9.00059576827,0.0,617.2001968722773,0.0,8775.58087406,0.0,0.0
33,10,2.0,Developable,2.0,0.0,0.0,2.8914718683159997,0.0,0.0,0.0,0.0
33,10,2.0,Redevelopable,1.0,13.6868651951,0.0,0.482639067634,0.0,5118.88758295,0.0,0.482639067634
33,10,2.0,Remain,4.0,16.8485280267444,3.00013973162,3.08900638455729,8190.3858791,6344.0568893094,2.359523287245,0.72948309731229
34,0,2.0,Developable,51.0,0.0,0.0,116.56538881351793,0.0,0.0,0.0,0.0
34,0,2.0,Remain,29.0,101.982096148,15.9789329152544,13.952303447702969,32801.7447989499,99432.5437444,2.15459732600297,11.7977061217
34,0,2.0,Undevelopable,4.0,0.0,0.0,14.593956577182999,0.0,0.0,0.0,0.0
34,8,2.0,Developable,93.0,0.0,0.0,111.62005879032617,0.0,0.0,0.0,0.0
34,8,2.0,Redevelopable,1.0,1.90954624013,0.477386560032,0.546559662208,1463.42849978,1861.80758412,0.0,0.546559662208
34,8,2.0,Remain,106.0,698.2420726631001,359.98197246627745,62.414367010609354,299964.2117574204,567594.63748544,27.798684240844157,34.6156827697652
34,8,2.0,Undevelopable,17.0,127.82276451775999,0.0,20.397937101455252,0.0,79533.67037282001,0.0,0.0
35,8,4.0,Developable,515.0,0.0,0.0,339.33776096184977,0.0,0.0,0.0,0.0
35,8,4.0,Remain,416.0,0.0,240.77164564589228,47.93917302144497,658695.4162554583,0.0,47.93917302144497,0.0
35,8,4.0,Undevelopable,109.0,221.02914227062803,0.0,89.36211892633004,0.0,77360.19979477982,0.0,0.0
36,0,1.0,Developable,1.0,0.0,0.0,0.248967599982,0.0,0.0,0.0,0.0
36,0,1.0,Undevelopable,1.0,0.0,0.0,0.686538853869,0.0,0.0,0.0,0.0
36,8,1.0,Developable,40.0,0.0,0.0,72.61150622696384,0.0,0.0,0.0,0.0
36,8,1.0,Redevelopable,6.0,4.40354685372591,0.601860925967,13.476507931205143,1309.6493749,1659.653285287634,1.11569300774,12.360814923465144
36,8,1.0,Remain,13.0,67.49946595636099,2.0578942219051632,11.767486044348258,2958.964739190769,35573.265905520995,2.921996398744409,8.84548964560385
36,8,1.0,Undevelopable,14.0,0.0,0.0,2.7032437826748215,0.0,0.0,0.0,0.0
37,2,1.0,Developable,8.0,0.0,0.0,12.9344277975015,0.0,0.0,0.0,0.0
37,2,1.0,Remain,1.0,1.87196433944,0.0,0.0908186673878,0.0,655.187518806,0.0,0.0908186673878
37,2,1.0,Undevelopable,31.0,226.674111175,0.0,42.94484121776228,0.0,143484.712374,0.0,0.0
38,3,1.0,Developable,11.0,0.0,0.0,16.89189440203462,0.0,0.0,0.0,0.0
38,3,1.0,Remain,8.0,296.728216313052,0.0,34.3568600998664,0.0,111116.51791351599,0.0,34.3568600998664
38,3,1.0,Undevelopable,25.0,0.0,0.0,37.4006675167092,0.0,0.0,0.0,0.0
38,10,1.0,Developable,256.0,0.0,0.0,392.2895431930772,0.0,0.0,0.0,0.0
38,10,1.0,Redevelopable,1.0,0.0,0.0212911402548,0.0172040467009,30.4037482839,0.0,0.0172040467009,0.0
38,10,1.0,Remain,139.0,1515.1913143353327,124.44891587384359,91.63159148056752,307939.8352012162,618315.5951728746,66.09417811170049,25.537413368867014
38,10,1.0,Undevelopable,116.0,628.8691155881254,2.6467834236172996,217.48708331163266,6947.3411620877005,228201.78173242926,0.0,0.0
39,8,3.0,Developable,1.0,0.0,0.0,1.4041465282,0.0,0.0,0.0,0.0
39,8,3.0,Remain,5.0,56.04979721318,0.08023302429816799,8.28983738433417,163.2955095965458,20962.624157757,8.84359041708e-05,8.289748948429999
39,8,3.0,Undevelopable,1.0,0.0,0.0,0.13827071351,0.0,0.0,0.0,0.0
40,8,3.0,Developable,73.0,0.0,0.0,43.802309705094814,0.0,0.0,0.0,0.0
40,8,3.0,Redevelopable,10.0,0.0,5.747036866863399,10.710788952232999,7620.803703755,0.0,10.710788952232999,0.0
40,8,3.0,Remain,158.0,513.2524105432959,77.26062026150704,78.039157330253,126043.48251877686,334371.57925254357,44.621126499146975,33.41803083110603
40,8,3.0,Undevelopable,37.0,12.732601743284999,4.78092580592648,29.65836898905379,6414.5865355693795,5388.5839396972,0.0,0.0
41,8,3.0,Developable,20.0,0.0,0.0,4.49010460049117,0.0,0.0,0.0,0.0
41,8,3.0,Redevelopable,6.0,0.0,4.312989748157,2.5071605668349997,5693.494067622,0.0,2.5071605668349997,0.0
41,8,3.0,Remain,46.0,561.272503941018,17.504199680467934,27.391242641628914,23536.002099104924,246302.93743194698,10.530739928768023,16.8605027128609
41,8,3.0,Undevelopable,3.0,128.3490270426,0.669292247055,3.565752209903,1317.16714221,77302.69947136,0.0,0.0
43,8,2.0,Developable,4.0,0.0,0.0,0.5179097426685,0.0,0.0,0.0,0.0
43,8,2.0,Remain,2.0,0.0,0.09340873851779999,0.052685436730899995,457.32332688099996,0.0,0.052685436730899995,0.0
43,8,2.0,Undevelopable,18.0,0.0,0.0516017974225,0.989910935244932,221.21690555,0.0,0.0,0.0
44,8,2.0,Developable,69.0,0.0,0.0,101.24181763423216,0.0,0.0,0.0,0.0
44,8,2.0,Undevelopable,18.0,0.0,0.0,16.360253616465503,0.0,0.0,0.0,0.0
45,8,2.0,Developable,118.0,0.0,0.0,234.77393937937754,0.0,0.0,0.0,0.0
45,8,2.0,Remain,63.0,103.76938746828202,94.6792410589742,25.720477693428045,266317.1430295792,42192.170822388405,13.033878620061067,12.686599073366999
45,8,2.0,Undevelopable,6.0,0.0,0.0,3.4692300781953,0.0,0.0,0.0,0.0
46,8,2.0,Developable,66.0,0.0,0.0,12.820584238884539,0.0,0.0,0.0,0.0
46,8,2.0,Redevelopable,34.0,620.00586939677,9.00167951584549,66.58672512159104,20129.4886756058,253870.33231129003,2.8140352419260397,63.772689879664995
46,8,2.0,Remain,398.0,1811.2003882743304,359.71923250797533,48.17086916754668,411216.1748995905,982915.3577881827,15.124175389015166,33.04669377853156
46,8,2.0,Undevelopable,31.0,94.039489153123,0.0,17.659954499665673,0.0,53595.3062822248,0.0,0.0
47,10,2.0,Developable,6.0,0.0,0.0,3.78158669628093,0.0,0.0,0.0,0.0
47,10,2.0,Remain,51.0,4380.219846218772,5.628290359927849,39.74278211699534,26216.1008413455,2347873.4986940008,2.5947465758222505,37.1480355411731
47,10,2.0,Undevelopable,8.0,265.9436077038,5.804894862191,13.078526149456899,18526.55695,127647.54804142899,0.0,0.0
48,10,1.0,Developable,5.0,0.0,0.0,6.7278717446359,0.0,0.0,0.0,0.0
48,10,1.0,Remain,67.0,27.9082974671,48.35533336650499,25.144992973105683,105723.02946276526,9767.90411348,21.999969665895684,3.14502330721
48,10,1.0,Undevelopable,11.0,0.00627654274051,0.0,4.311815431836083,0.0,3.973051554739,0.0,0.0
49,8,2.0,Developable,17.0,0.0,0.0,2.6257778452067697,0.0,0.0,0.0,0.0
49,8,2.0,Redevelopable,11.0,210.99976273395,1.00000005376,9.2310289082,1600.00008602,85027.90115880001,0.0,9.2310289082
49,8,2.0,Remain,219.0,488.9991654410901,196.26388783563732,50.7267884787551,270609.4205873681,212405.64752021997,30.756496436675093,19.970292042080004
49,8,2.0,Undevelopable,8.0,2.293662108953,0.0,21.489258780061,0.0,802.781738135,0.0,0.0
50,8,1.0,Developable,1.0,0.0,0.0,0.000980803767219,0.0,0.0,0.0,0.0
50,8,1.0,Remain,5.0,19.035562778116095,0.200344831196,1.662617218321402,113.118836759,7298.3217999479,0.00969106940621,1.652926148915192
50,8,1.0,Undevelopable,3.0,0.0,0.0,0.04349237012919,0.0,0.0,0.0,0.0
51,8,1.0,Developable,26.0,0.0,0.0,3.745728385942026,0.0,0.0,0.0,0.0
51,8,1.0,Redevelopable,2.0,4.0549833652656995,0.0,0.4678709894691,0.0,2585.9895723583,0.0,0.4678709894691
51,8,1.0,Remain,339.0,2209.763641583907,393.72180814396586,115.72541480448722,369360.6962870065,1296224.2715162837,55.45115732221512,60.27425748227214
51,8,1.0,Undevelopable,17.0,0.0,0.0,7.5565101337147205,0.0,0.0,0.0,0.0
52,2,1.0,Developable,12.0,0.0,0.0,3.9191962490661703,0.0,0.0,0.0,0.0
52,2,1.0,Redevelopable,7.0,3.1913755045,3.7128583007735,1.1139491684720702,3366.1353187931004,1193.57443868,0.7691024162330701,0.344846752239
52,2,1.0,Remain,66.0,42.582853269,46.100809784113814,13.592744227647819,49813.29208475867,26954.9461193,10.44242489068782,3.15031933696
52,2,1.0,Undevelopable,10.0,0.0,0.0,2.5752044977073796,0.0,0.0,0.0,0.0
53,3,1.0,Developable,92.0,0.0,0.0,64.08887086032586,0.0,0.0,0.0,0.0
53,3,1.0,Redevelopable,35.0,64.90615789542302,4.079223255044718,10.575562879125023,7004.858268916677,28459.954569787962,2.309937858333105,8.265625020791916
53,3,1.0,Remain,186.0,502.21497808634115,536.4788269732992,42.60938799743364,431654.1384131729,304959.94496656803,29.22030551866202,13.38908247877161
53,3,1.0,Undevelopable,39.0,29.043057441000002,0.0,25.886609702908554,0.0,13824.134037552001,0.0,0.0
53,10,1.0,Developable,56.0,0.0,0.0,18.01619260610906,0.0,0.0,0.0,0.0
53,10,1.0,Redevelopable,39.0,125.53015827065093,8.873541325780478,18.83922423984211,15052.756208706633,85406.34920684346,5.122238334082583,13.716985905759529
53,10,1.0,Remain,318.0,581.8585635208591,487.1331528149613,78.27563803345042,439836.53076485434,334408.145777489,60.61143647012106,17.664201563329346
53,10,1.0,Undevelopable,40.0,247.79830703331498,0.0,72.27352110652478,0.0,94402.77751329601,0.0,0.0
54,8,1.0,Developable,33.0,0.0,0.0,11.998086708454245,0.0,0.0,0.0,0.0
54,8,1.0,Redevelopable,9.0,24.625616728625335,0.999743443259,3.0345868468476134,2249.42274733,9656.452094517941,0.207198987988,2.8273878588596126
54,8,1.0,Remain,82.0,353.7396867905092,209.73698876978906,36.31002573226313,171153.72762840425,149805.42684337293,15.507149583142567,20.80287614912055
54,8,1.0,Undevelopable,3.0,0.409972423438,0.820677833423,1.4798797390947,1085.75677362,143.490348203,0.0,0.0
55,10,1.0,Developable,211.0,0.0,0.0,144.89319882233937,0.0,0.0,0.0,0.0
55,10,1.0,Redevelopable,43.0,491.2599128684333,15.287354029516806,45.43610159769691,17367.079890522607,203923.64460459148,4.0621157361650315,41.373985861531885
55,10,1.0,Remain,1733.0,11552.492925451565,3436.6696631210934,696.1079769174897,3172934.66845788,5443397.682193784,319.1511265182136,376.95685039927554
55,10,1.0,Undevelopable,141.0,2865.597015273917,0.999733147408,224.59779947961547,978.566585867,1091692.51484728,0.0,0.0
56,8,4.0,Developable,6.0,0.0,0.0,0.08573481806636002,0.0,0.0,0.0,0.0
56,8,4.0,Remain,4.0,0.0,0.21100959197231758,0.05644154426688956,797.7293841277859,0.0,0.05644154426688956,0.0
56,8,4.0,Undevelopable,4.0,0.0,0.0,0.2762393613630896,0.0,0.0,0.0,0.0
57,2,4.0,Developable,21.0,0.0,0.0,3.26219153432045,0.0,0.0,0.0,0.0
57,2,4.0,Remain,146.0,0.0,94.424978596432,16.624242421052582,367643.82082126476,0.0,16.624242421052582,0.0
57,2,4.0,Undevelopable,27.0,0.812768859597172,1.292988001825,35.607659634572286,5274.20625816,566.6381397991287,0.0,0.0
58,8,4.0,Developable,64.0,0.0,0.0,17.321391210792807,0.0,0.0,0.0,0.0
58,8,4.0,Remain,71.0,1074.7077264603467,0.22041795182141619,32.6954467989405,844.9031642812358,492701.4524761603,0.06796685686551744,32.627479942074984
58,8,4.0,Undevelopable,10.0,7.941885402291562,0.0,1.9838525970944694,0.0,5264.719614210126,0.0,0.0
59,3,4.0,Developable,29.0,0.0,0.0,22.303102035535762,0.0,0.0,0.0,0.0
59,3,4.0,Remain,89.0,3684.7982481628956,38.37767637698734,53.6016369333159,143569.4613548054,2329021.293481382,5.870909979033547,47.73072695428236
59,3,4.0,Undevelopable,15.0,6.801227060548162,0.0,33.95415553333087,0.0,6502.2408771058535,0.0,0.0
59,10,4.0,Developable,780.0,0.0,0.0,319.9941724551683,0.0,0.0,0.0,0.0
59,10,4.0,Remain,1574.0,5800.492458695016,884.4878453374453,170.9275593346042,1825296.5209579703,3087197.2809733665,60.49656049594311,110.43099883866111
59,10,4.0,Undevelopable,279.0,25.961150968158666,0.0,99.86224139062247,0.0,24466.342768250644,0.0,0.0
60,8,4.0,Developable,172.0,0.0,0.0,190.045410302581,0.0,0.0,0.0,0.0
60,8,4.0,Remain,15.0,263.05440748898985,0.0,3.500612711587488,0.0,183961.5831396231,0.0,3.500612711587488
60,8,4.0,Undevelopable,43.0,0.0,0.0,59.38134303478315,0.0,0.0,0.0,0.0
61,8,3.0,Developable,39.0,0.0,0.0,31.99084522979932,0.0,0.0,0.0,0.0
61,8,3.0,Remain,30.0,460.206580835609,2.501726257618,30.5008623912643,3316.92730586,195703.31794269648,1.754462705975,28.7463996852893
61,8,3.0,Undevelopable,32.0,10.8227534287432,1.44809619713,23.142598525327692,2525.950622864,3926.1126414556,0.0,0.0
62,4,2.0,Developable,36.0,0.0,0.0,50.58131794249851,0.0,0.0,0.0,0.0
62,4,2.0,Redevelopable,4.0,136.83765858528,0.0,6.145861983761,0.0,57768.528689340004,0.0,6.145861983761
62,4,2.0,Remain,32.0,120.874275882449,533.3690582608867,24.497056360239686,430009.87050035526,76327.46119849001,20.605468257678588,3.8915881025611
62,4,2.0,Undevelopable,20.0,0.0,0.0,19.278076196589502,0.0,0.0,0.0,0.0
62,8,2.0,Developable,144.0,0.0,0.0,151.6756802870429,0.0,0.0,0.0,0.0
62,8,2.0,Redevelopable,39.0,217.03754496104003,15.4846379540559,24.05209093090543,18422.0849345045,161173.88698738802,2.9993744250764265,21.052716505829
62,8,2.0,Remain,272.0,2257.6152147815105,426.10414402625446,93.68772406454407,618512.2510501628,1403214.6574905897,22.526655233810633,71.16106883073338
62,8,2.0,Undevelopable,64.0,0.0,3.98743729378,78.23472991755233,6045.36918042,0.0,0.0,0.0
63,6,2.0,Developable,2.0,0.0,0.0,0.25136914012349,0.0,0.0,0.0,0.0
63,6,2.0,Remain,4.0,0.0,142.6372844175,6.2083544178759995,150304.91628434,0.0,6.2083544178759995,0.0
63,6,2.0,Undevelopable,8.0,0.0,0.0,1.7667562435898099,0.0,0.0,0.0,0.0
64,6,2.0,Developable,9.0,0.0,0.0,2.3687685787695476,0.0,0.0,0.0,0.0
64,6,2.0,Remain,1.0,0.0,1.67131891177,0.0812505433415,2370.69570646,0.0,0.0812505433415,0.0
64,6,2.0,Undevelopable,5.0,0.0,0.0,1.470971342375953,0.0,0.0,0.0,0.0
65,4,2.0,Developable,5.0,0.0,0.0,5.213253721712,0.0,0.0,0.0,0.0
65,8,2.0,Developable,48.0,0.0,0.0,195.5396495525723,0.0,0.0,0.0,0.0
65,8,2.0,Redevelopable,1.0,0.0,0.00272137849656,0.000873025462619,2.08729730686,0.0,0.000873025462619,0.0
65,8,2.0,Undevelopable,1.0,0.0,0.0,1.32466797764,0.0,0.0,0.0,0.0
66,6,2.0,Developable,41.0,0.0,0.0,9.447162108386399,0.0,0.0,0.0,0.0
66,6,2.0,Redevelopable,57.0,232.17585730101914,21.438632129016803,23.205692932280535,39596.213146690105,131665.41907891497,4.27314451591339,18.93254841636714
66,6,2.0,Remain,192.0,148.51603628344,178.73259375967643,35.149000932082316,514275.97457148886,106303.743367944,26.835683329396826,8.3133176026855
66,6,2.0,Undevelopable,15.0,8.00017154525,1.4442817813039999,10.3518369732397,2645.627899763,5997.13027274,0.0,0.0
67,6,2.0,Developable,21.0,0.0,0.0,11.816532994935033,0.0,0.0,0.0,0.0
67,6,2.0,Redevelopable,8.0,178.09963568325,0.0,18.785743820927,0.0,100505.88592944999,0.0,18.785743820927
67,6,2.0,Remain,103.0,936.5562958434441,122.03939882947239,48.845006721230156,221460.9824053116,568300.0557130211,19.905234001678306,28.93977271955184
67,6,2.0,Undevelopable,10.0,0.0,0.0,10.178573099334,0.0,0.0,0.0,0.0
68,8,2.0,Developable,38.0,0.0,0.0,5.276079620694909,0.0,0.0,0.0,0.0
68,8,2.0,Redevelopable,24.0,45.3987163039136,10.360311882961701,4.19250188563547,13701.5945055628,27647.959468517798,2.5685949858573003,1.6239068997781703
68,8,2.0,Remain,79.0,273.7273833205041,47.36467417553503,11.431932172472088,49092.87439697253,166869.12083248098,3.9134169308489266,7.518515241623162
68,8,2.0,Undevelopable,4.0,9.0001804004,0.0,0.9258334352979,0.0,3366.06746975,0.0,0.0
69,8,2.0,Developable,51.0,0.0,0.0,10.228029507813767,0.0,0.0,0.0,0.0
69,8,2.0,Redevelopable,14.0,258.93413181807,5.6186711291605995,11.36969061138239,11063.7097278705,106924.55793364001,2.20573594782639,9.163954663556002
69,8,2.0,Remain,309.0,3307.017999918528,1051.5941235879886,126.9891989485198,839528.3019440267,1584456.807741519,44.54833736023381,82.44086158828613
69,8,2.0,Undevelopable,10.0,39.2805867474,0.0,10.437929048319754,0.0,24864.6114111,0.0,0.0
70,8,2.0,Developable,1.0,0.0,0.0,0.00879804772514,0.0,0.0,0.0,0.0
70,8,2.0,Redevelopable,3.0,7.13626404673,0.0,1.72986098509,0.0,4162.428452152,0.0,1.72986098509
70,8,2.0,Remain,6.0,166.9985799203,0.999991084047,10.761386632343,1142.98980907,88098.23998376,1.79015949763,8.971227134712999
70,8,2.0,Undevelopable,2.0,0.0,0.0,0.234188943223336,0.0,0.0,0.0,0.0
71,6,2.0,Developable,5.0,0.0,0.0,0.14218015309659998,0.0,0.0,0.0,0.0
71,6,2.0,Redevelopable,1.0,0.765238350104,0.0,0.0873716598995,0.0,746.107391351,0.0,0.0873716598995
71,6,2.0,Remain,6.0,30.25387482262911,189.001030436,6.104751949411145,244205.701491,24268.06352590461,4.28554668905,1.8192052603611453
71,6,2.0,Undevelopable,4.0,0.0,0.0,0.9258770872615101,0.0,0.0,0.0,0.0
72,4,2.0,Developable,14.0,0.0,0.0,3.4530718000846976,0.0,0.0,0.0,0.0
72,4,2.0,Redevelopable,11.0,168.43393204008999,0.0,13.536492315876998,0.0,136301.55796627,0.0,13.536492315876998
72,4,2.0,Remain,14.0,171.085372950916,90.9038536858,7.640665039937,114667.5735906,123960.373336916,2.890293772558,4.750371267379
72,4,2.0,Undevelopable,4.0,0.0,0.0,2.06299887148111,0.0,0.0,0.0,0.0
72,8,2.0,Developable,37.0,0.0,0.0,16.007936696530574,0.0,0.0,0.0,0.0
72,8,2.0,Redevelopable,9.0,68.0280336884836,0.0,5.9921902334627015,0.0,37724.5483256135,0.0,5.9921902334627015
72,8,2.0,Remain,37.0,518.9435924165314,106.01648222079699,14.834700338163834,124491.24079596199,351606.234989962,5.584015227706,9.250685110457837
72,8,2.0,Undevelopable,16.0,0.0,0.0,6.2169163210016505,0.0,0.0,0.0,0.0
73,8,2.0,Developable,85.0,0.0,0.0,24.626870182543676,0.0,0.0,0.0,0.0
73,8,2.0,Redevelopable,75.0,342.99126589791996,38.04144044586889,23.412704923947302,84824.35557125564,170920.65817612997,12.909557987659301,10.503146936287997
73,8,2.0,Remain,1072.0,3407.9127865979913,1166.4432661700187,233.52718567257472,2145366.513204443,1631213.2589276782,165.1154958014581,68.41168987111638
73,8,2.0,Undevelopable,20.0,154.89520219551898,0.0,17.6112527244924,0.0,83927.58605906101,0.0,0.0
74,8,2.0,Developable,47.0,0.0,0.0,15.038734564178961,0.0,0.0,0.0,0.0
74,8,2.0,Redevelopable,20.0,141.08591060109998,4.0109742420608,7.1482205386329305,5975.6947447941,71680.088278123,1.0458873965509299,6.102333142081999
74,8,2.0,Remain,187.0,1828.71041698774,250.23712502086727,49.99189374881638,226928.79183735026,886774.9382560828,11.758910495760931,38.232983253055465
74,8,2.0,Undevelopable,17.0,13.0282776104785,0.999989962636,2.445080866101915,1472.33854945,8237.8684762525,0.0,0.0
75,6,2.0,Developable,2.0,0.0,0.0,0.002544668983325,0.0,0.0,0.0,0.0
75,6,2.0,Redevelopable,2.0,5.1832815608298395,0.0,0.594806356910524,0.0,5053.800525009681,0.0,0.594806356910524
75,6,2.0,Undevelopable,3.0,0.0,0.0,0.174254225778152,0.0,0.0,0.0,0.0
76,8,2.0,Developable,3.0,0.0,0.0,0.6092393053026,0.0,0.0,0.0,0.0
76,8,2.0,Redevelopable,4.0,284.811667169466,0.0,10.6494623853867,0.0,109710.406750432,0.0,10.6494623853867
76,8,2.0,Remain,19.0,156.80276645256998,2.5527903250962303,3.14607836105748,6229.3262024455,62721.81217899,0.6665566978864801,2.479521663171
76,8,2.0,Undevelopable,1.0,0.0,0.327035413533,0.0236150171323,1176.95473866,0.0,0.0,0.0
77,8,2.0,Developable,27.0,0.0,0.0,8.050074878676211,0.0,0.0,0.0,0.0
77,8,2.0,Redevelopable,34.0,304.109833231465,3.148885059282,29.2379337816662,2877.522104986,150904.56795655497,0.0442338735701,29.1936999080961
77,8,2.0,Remain,66.0,1083.754462792359,16.97219739649,37.510747975022134,17656.191508868,707369.2251744062,2.97311866537705,34.5376293096451
77,8,2.0,Undevelopable,10.0,0.0,0.0,3.5789661566920303,0.0,0.0,0.0,0.0
79,8,2.0,Developable,5.0,0.0,0.0,3.9203035533408706,0.0,0.0,0.0,0.0
79,8,2.0,Redevelopable,4.0,0.0,64.695166071417,4.45255823727,24478.28921123,0.0,4.45255823727,0.0
79,8,2.0,Remain,41.0,26.0002953621,31.398535614775604,7.445527983262591,64269.20668595301,9100.10337672,7.236716456103591,0.208811527159
79,8,2.0,Undevelopable,2.0,0.0,0.0,1.487227131564,0.0,0.0,0.0,0.0
80,6,2.0,Developable,28.0,0.0,0.0,10.717090134962659,0.0,0.0,0.0,0.0
80,6,2.0,Redevelopable,41.0,129.05524034893,23.882295939313046,17.558094901154636,37038.256721759666,104448.685288217,7.6148913418326405,9.943203559322
80,6,2.0,Remain,114.0,290.24424159020094,77.1717648769974,29.01856272071544,174515.19500283705,246801.966810472,16.791367905406556,12.2271948153089
80,6,2.0,Undevelopable,16.0,0.0,0.0,8.92320507187053,0.0,0.0,0.0,0.0
81,4,2.0,Developable,5.0,0.0,0.0,0.366034555691291,0.0,0.0,0.0,0.0
81,8,2.0,Developable,6.0,0.0,0.0,0.715350875737221,0.0,0.0,0.0,0.0
82,3,2.0,Developable,39.0,0.0,0.0,30.229919761392424,0.0,0.0,0.0,0.0
82,3,2.0,Redevelopable,34.0,509.75890095430304,3.1398201737853446,31.448863029030345,5597.971900222987,311783.46055998106,0.198541840027949,31.250321189002396
82,3,2.0,Remain,45.0,2683.478141790133,17.510105640489783,51.80066658516115,33427.58858715555,1718530.310498934,4.33147633132076,47.46919025384041
82,3,2.0,Undevelopable,20.0,142.5997727917,0.0,36.4074953011214,0.0,63019.75172904,0.0,0.0
82,10,2.0,Developable,163.0,0.0,0.0,52.66035995945079,0.0,0.0,0.0,0.0
82,10,2.0,Redevelopable,120.0,833.3620988694007,48.19838007865339,51.12437330341496,65733.9155869902,417125.115336799,9.674936048834452,41.44943725458052
82,10,2.0,Remain,301.0,12252.122325402468,605.3435196423538,180.81788398360513,501050.9269746652,7215447.973082368,19.489515016975112,161.3283689666299
82,10,2.0,Undevelopable,78.0,476.63485346892,1.446797252964,61.84026015003799,1744.42666292,214080.58087566,0.0,0.0
83,2,2.0,Developable,3.0,0.0,0.0,0.929799180824135,0.0,0.0,0.0,0.0
83,2,2.0,Remain,2.0,5.87833456912,0.0,0.2418217991972,0.0,3720.985782256,0.0,0.2418217991972
84,6,2.0,Developable,44.0,0.0,0.0,34.27118719013869,0.0,0.0,0.0,0.0
84,6,2.0,Redevelopable,34.0,124.31109768570799,19.550016667702,21.330476117723418,22197.927213703995,89576.30724989579,4.0620193225784,17.26845679514502
84,6,2.0,Remain,99.0,213.90786773922997,507.17015402515597,19.11477957161975,510374.235184932,134144.656720555,9.70201667334481,9.412762898274941
84,6,2.0,Undevelopable,20.0,0.0,0.0,8.955444552808393,0.0,0.0,0.0,0.0
85,4,2.0,Developable,7.0,0.0,0.0,1.5523235190621998,0.0,0.0,0.0,0.0
85,4,2.0,Redevelopable,2.0,0.66880189037,0.737387879011,0.264778618376,2290.32675221,250.131906998,0.126959463171,0.137819155205
85,4,2.0,Remain,6.0,3.525104560981,5.072304506569999,0.6373993839128,5162.685103055,1488.219663865,0.5080260836393,0.1293733002735
85,8,2.0,Developable,50.0,0.0,0.0,9.99459783863085,0.0,0.0,0.0,0.0
85,8,2.0,Redevelopable,32.0,186.6389170232255,10.951044170640001,14.06091941860044,11937.613557977,72409.77807252228,1.7376938604886,12.32322555811184
85,8,2.0,Remain,94.0,1033.2631706095092,135.1633714468455,48.84965834182179,142234.11433082548,490855.57399210695,9.575186086361299,39.274472255460466
85,8,2.0,Undevelopable,10.0,0.0,0.424561439119,2.451457378598339,579.231017383,0.0,0.0,0.0
86,8,2.0,Developable,2.0,0.0,0.0,0.166976655494858,0.0,0.0,0.0,0.0
86,8,2.0,Remain,2.0,6.0932922983872,0.0,0.21086698974632,0.0,2336.2591372205,0.0,0.21086698974632
87,8,3.0,Developable,8.0,0.0,0.0,2.894564396684335,0.0,0.0,0.0,0.0
87,8,3.0,Redevelopable,5.0,0.0,3.02111365068847,3.32471309991985,3646.2334206933,0.0,3.32471309991985,0.0
87,8,3.0,Remain,26.0,46.21336814102,18.535596729363498,14.489467832563562,38831.4677537289,29662.901367536004,6.6577503474015,7.83171748516206
88,8,3.0,Developable,20.0,0.0,0.0,12.44663106923686,0.0,0.0,0.0,0.0
88,8,3.0,Redevelopable,6.0,0.0,5.033397746109,2.200672515321,8741.479921670001,0.0,2.200672515321,0.0
88,8,3.0,Remain,37.0,418.78540343116197,28.38669996153,22.56060525427636,29592.055992739,206428.5682574406,4.021586350831,18.53901890344536
88,8,3.0,Undevelopable,2.0,0.0,0.0,2.043330170928,0.0,0.0,0.0,0.0
89,8,3.0,Developable,5.0,0.0,0.0,2.2644040183333,0.0,0.0,0.0,0.0
89,8,3.0,Redevelopable,5.0,0.0,4.577700227928,3.1370818364310002,6548.360261162001,0.0,3.1370818364310002,0.0
89,8,3.0,Remain,43.0,268.3628684788822,21.787368603833198,16.22735718005033,25425.124068709196,137315.53503975377,2.3676381675220304,13.8597190125283
89,8,3.0,Undevelopable,7.0,23.98937180247,0.0,1.3069847689667002,0.0,13177.16374508,0.0,0.0
90,8,3.0,Developable,30.0,0.0,0.0,2.5076791947274004,0.0,0.0,0.0,0.0
90,8,3.0,Redevelopable,6.0,0.0,4.438125207062,2.149533382079,5368.1679978189995,0.0,2.149533382079,0.0
90,8,3.0,Remain,68.0,353.40692477848165,35.339074596935994,16.738018736146238,42654.923670060496,192097.54200685318,7.060882367609041,9.6771363685372
90,8,3.0,Undevelopable,9.0,0.0,3.8038379580907,3.60879253243449,2672.8116467833,0.0,0.0,0.0
91,8,3.0,Developable,15.0,0.0,0.0,11.896834526698392,0.0,0.0,0.0,0.0
91,8,3.0,Redevelopable,2.0,0.0,0.8508210112879999,2.96604287267,2339.853901302,0.0,2.96604287267,0.0
91,8,3.0,Remain,32.0,8.411223502554813,24.31576910937349,16.5263349406969,38402.09721914041,5324.3044771136965,16.021993492385157,0.5043414483117388
91,8,3.0,Undevelopable,7.0,0.0,0.0,6.479292966224451,0.0,0.0,0.0,0.0
92,8,1.0,Developable,8.0,0.0,0.0,1.090288008110768,0.0,0.0,0.0,0.0
92,8,1.0,Redevelopable,7.0,40.05290960859697,0.230020232958,2.572391131666947,460.040465915,19123.28878142841,0.0651293605813,2.5072617710856475
92,8,1.0,Remain,33.0,691.4367923719872,7.405665419129999,12.581407883594222,9180.9211492434,351526.6467052009,1.040636445974251,11.54077143761997
92,8,1.0,Undevelopable,4.0,0.0,0.0,0.7162764426875,0.0,0.0,0.0,0.0
93,8,1.0,Developable,114.0,0.0,0.0,72.75652824787683,0.0,0.0,0.0,0.0
93,8,1.0,Redevelopable,32.0,143.1076672459716,10.688065913621248,14.58192902596033,12952.497471463312,79076.52400449042,4.414919935718361,10.167009090241965
93,8,1.0,Remain,323.0,628.7225211307169,492.2197124775572,71.97654451037293,562388.9801921058,383227.4002583907,45.78739405097632,26.189150459396615
93,8,1.0,Undevelopable,61.0,121.35319314069001,1.99978580965,44.89874846940853,2699.71084302,45117.33575627,0.0,0.0
94,8,3.0,Developable,146.0,0.0,0.0,24.90602261211544,0.0,0.0,0.0,0.0
94,8,3.0,Redevelopable,164.0,18.992200448435998,163.1804733473608,29.319449089666357,169630.4738947961,8588.45524424,28.622481667281356,0.696967422385
94,8,3.0,Remain,602.0,2537.933567923677,815.8554718150586,194.76762732198387,619955.6892967115,1173065.6827415882,80.64905632585949,114.11857099612422
94,8,3.0,Undevelopable,43.0,15.993569319479999,1.9991903550619998,12.875579355052496,3620.53177299,7860.846508877001,0.0,0.0
95,8,3.0,Developable,4.0,0.0,0.0,0.16722793898119,0.0,0.0,0.0,0.0
95,8,3.0,Redevelopable,4.0,0.0,0.70272616043175,1.37885090543009,785.8835172057201,0.0,1.37885090543009,0.0
95,8,3.0,Remain,13.0,1.29719291489,15.043485937813,4.54725758356348,10719.7906897452,3828.01629184,3.57299409905648,0.974263484507
95,8,3.0,Undevelopable,2.0,0.0,0.0,0.20938645773144998,0.0,0.0,0.0,0.0
96,8,3.0,Developable,15.0,0.0,0.0,6.06625788393335,0.0,0.0,0.0,0.0
96,8,3.0,Redevelopable,3.0,0.0,1.104462453839,1.2238818552289998,897.988352265,0.0,1.2238818552289998,0.0
96,8,3.0,Remain,64.0,69.472206677524,194.76567508953687,19.786911208293457,74118.58507010923,43810.301478111,14.225929839846462,5.560981368447001
96,8,3.0,Undevelopable,2.0,0.0,0.0,1.0060042757910002,0.0,0.0,0.0,0.0
97,8,3.0,Developable,147.0,0.0,0.0,60.22392406142246,0.0,0.0,0.0,0.0
97,8,3.0,Redevelopable,53.0,9.21662067842,52.34677621047899,10.943133724485998,56057.885092787,3429.803426158,10.217222549534998,0.7259111749510001
97,8,3.0,Remain,382.0,2417.0913221572764,351.10054752934866,145.28368115034445,443980.09530931123,1545527.9809005486,47.40199438153858,97.88168676880585
97,8,3.0,Undevelopable,127.0,892.6195688821579,0.999598885281,61.238663893775076,899.638996753,348967.8350516502,0.0,0.0
98,8,3.0,Developable,27.0,0.0,0.0,1.67711615380873,0.0,0.0,0.0,0.0
98,8,3.0,Redevelopable,65.0,13.9946299341,61.084627571301006,10.5405343724056,92388.65555027801,8858.60074831,9.859133122771599,0.681401249634
98,8,3.0,Remain,138.0,167.23326622636796,288.3244452381321,33.38358773316409,267921.8316601088,102063.7244467999,17.76273839072728,15.620849342436799
98,8,3.0,Undevelopable,7.0,66.3614834878,1.504902066107,7.941706596297,2414.229030458,23226.5192207,0.0,0.0
99,3,3.0,Developable,72.0,0.0,0.0,22.418346598006043,0.0,0.0,0.0,0.0
99,3,3.0,Redevelopable,19.0,0.0,19.160919610213078,2.5611791652353015,18916.41563964393,0.0,2.5611791652353015,0.0
99,3,3.0,Remain,110.0,539.4639910692933,46.354179770623716,42.755147802567436,47954.370812211135,352463.9252815578,1.936598582797393,40.81854921977005
99,3,3.0,Undevelopable,61.0,17.41243083558,0.999613073323,82.38704672779436,1231.52330633,10895.80182651,0.0,0.0
99,10,3.0,Developable,1121.0,0.0,0.0,250.47641644803784,0.0,0.0,0.0,0.0
99,10,3.0,Redevelopable,619.0,11.995273105576,731.6444624491064,90.62847167536034,683072.1848034039,6010.630807699001,89.60812946357036,1.02034221179
99,10,3.0,Remain,1742.0,15238.27613225385,2490.269457198949,563.2444928213829,2167368.1960883215,7935377.734833975,121.43273636082934,441.81175646055317
99,10,3.0,Undevelopable,627.0,2830.0368044101706,38.74512959545099,685.7535814000545,48704.21723927001,1305593.990360901,0.0,0.0
100,8,3.0,Developable,53.0,0.0,0.0,6.444968908559796,0.0,0.0,0.0,0.0
100,8,3.0,Redevelopable,9.0,0.0,8.692778392091999,3.0456781959079993,11182.844121806,0.0,3.0456781959079993,0.0
100,8,3.0,Remain,303.0,4016.100821133291,559.6908710660118,103.55082782875431,404764.9030012391,2347715.9571838635,42.99735717757591,60.55347065117837
100,8,3.0,Undevelopable,66.0,482.9811660637189,5.94214676832187,43.663572095583255,7507.2738325254595,176681.58116385163,0.0,0.0
101,8,3.0,Developable,29.0,0.0,0.0,34.44670013638776,0.0,0.0,0.0,0.0
101,8,3.0,Remain,24.0,157.54273460396888,2.361981674751,31.76568216178911,2540.2533247590004,132778.5788530127,2.0690139736803,29.696668188108806
101,8,3.0,Undevelopable,18.0,0.0,0.00945173053651,13.061542090998241,9.04180898314,0.0,0.0,0.0
102,8,3.0,Developable,105.0,0.0,0.0,37.2871601669198,0.0,0.0,0.0,0.0
102,8,3.0,Redevelopable,26.0,0.0,24.438982901126497,4.502943399095599,21422.0322794829,0.0,4.502943399095599,0.0
102,8,3.0,Remain,173.0,1298.6715883750946,167.447513010656,50.2883071194735,176440.11910725106,867599.2025823385,31.881814171326383,18.40649294814714
102,8,3.0,Undevelopable,41.0,10.662235367408002,3.9986582184754997,19.91404809364107,6123.4019833556,6376.92669890833,0.0,0.0
103,8,4.0,Developable,258.0,0.0,0.0,13.503466459574947,0.0,0.0,0.0,0.0
103,8,4.0,Redevelopable,17.0,0.0,7.051144533520315,2.00808063059847,10819.277995261675,0.0,2.00808063059847,0.0
103,8,4.0,Remain,1092.0,548.4276081731155,674.150809134457,100.08236773682678,985127.3042063017,308720.90890387143,84.34893153765752,15.733436199169237
103,8,4.0,Undevelopable,66.0,33.264965542453396,15.002108215470635,10.215006450019683,20435.841701915488,11642.73793988617,0.0,0.0
104,8,4.0,Developable,440.0,0.0,0.0,33.237528932601805,0.0,0.0,0.0,0.0
104,8,4.0,Redevelopable,1.0,0.0,1.00013469022,0.123911222117,976.131457652,0.0,0.123911222117,0.0
104,8,4.0,Remain,701.0,2661.6071618067067,530.1217909568674,115.72078189291638,243004.5543686624,1470731.0709609366,32.28305538974116,83.43772650317533
104,8,4.0,Undevelopable,85.0,0.0,30.022241814970307,5.462720272191988,57419.26968075141,0.0,0.0,0.0
105,8,4.0,Developable,24221.0,0.0,0.0,27.32023200463844,0.0,0.0,0.0,0.0
105,8,4.0,Redevelopable,1.0,0.0,0.706506522948,0.175569766838,1582.5746114,0.0,0.175569766838,0.0
105,8,4.0,Remain,2145.0,3976.300961425529,673.9258978253312,135.8181954274688,993835.2245142213,1649598.874096479,28.957929114413027,106.86026631305593
105,8,4.0,Undevelopable,5442.0,168.24620341286084,42.26989947776204,43.958913666014276,85953.868577719,70328.5469732931,0.0,0.0
106,2,4.0,Developable,242.0,0.0,0.0,56.81738991109624,0.0,0.0,0.0,0.0
106,2,4.0,Redevelopable,3.0,0.0,0.1647775836231525,0.08661186130465079,317.517616386443,0.0,0.08661186130465079,0.0
106,2,4.0,Remain,92.0,120.41943716533835,70.56601459354816,21.23708658234343,108976.39481346185,53100.46326597981,12.56719874326441,8.669887839079017
106,2,4.0,Undevelopable,12.0,763.1518325363181,0.0,49.92649354484363,0.0,267103.14138790127,0.0,0.0
107,10,4.0,Developable,853.0,0.0,0.0,84.1274313775597,0.0,0.0,0.0,0.0
107,10,4.0,Redevelopable,35.0,0.0,13.715778415660333,3.7132964567044464,24762.053251720063,0.0,3.7132964567044464,0.0
107,10,4.0,Remain,1462.0,14472.494196038002,1493.7863622893856,468.89468450802735,633569.4327450974,6248054.465557309,61.94977768186753,406.9449068261597
107,10,4.0,Undevelopable,63.0,158.59930592559596,0.0,21.008202834348413,0.0,55509.75707401369,0.0,0.0
108,8,4.0,Developable,36.0,0.0,0.0,8.533597609731915,0.0,0.0,0.0,0.0
108,8,4.0,Remain,20.0,32.12093327477947,0.0,5.924860241546313,0.0,26749.69572383678,0.0,5.924860241546313
108,8,4.0,Undevelopable,1.0,1.96836867114,0.0,0.140655109728,0.0,1919.15945436,0.0,0.0
111,8,4.0,Developable,272.0,0.0,0.0,91.14157406945215,0.0,0.0,0.0,0.0
111,8,4.0,Redevelopable,96.0,0.0,42.02058547465863,18.225560225818253,82663.88147329856,0.0,18.225560225818253,0.0
111,8,4.0,Remain,546.0,1936.7524702983776,162.06953296660444,87.45157940970212,332221.91431758314,910186.5441761821,39.683937332891695,47.76764207681044
111,8,4.0,Undevelopable,13.0,0.183713004736,0.7183682864975,7.557478140236499,1701.0961024306,64.2995516575,0.0,0.0
112,8,4.0,Developable,152.0,0.0,0.0,119.94477457406887,0.0,0.0,0.0,0.0
112,8,4.0,Remain,51.0,696.5865525103101,2.214965997835003,17.74096181833531,3272.007255871435,413719.0643261564,0.14234826266034162,17.59861355567497
112,8,4.0,Undevelopable,28.0,0.0,0.4628157360977682,0.46434251870021565,516.5023614844297,0.0,0.0,0.0
113,8,3.0,Developable,84.0,0.0,0.0,15.636524573463722,0.0,0.0,0.0,0.0
113,8,3.0,Remain,25.0,32.07215368352556,50.3746637888765,11.391191866899126,75850.6004123119,21402.42718945952,8.539200004139419,2.8519918627597103
113,8,3.0,Undevelopable,7.0,0.0,0.0,5.10468454910597,0.0,0.0,0.0,0.0
114,8,3.0,Developable,72.0,0.0,0.0,53.51910508902662,0.0,0.0,0.0,0.0
114,8,3.0,Remain,50.0,28.768254921034995,45.8246824286313,26.520315393109154,130996.11421269496,22431.195271674,5.074354119814149,21.445961273295
114,8,3.0,Undevelopable,23.0,0.0,19.194965941405,37.22933323998001,24633.107447939998,0.0,0.0,0.0
115,3,4.0,Developable,233.0,0.0,0.0,22.653865568137174,0.0,0.0,0.0,0.0
115,3,4.0,Redevelopable,98.0,0.0,36.89730020627345,9.204776725272719,52906.800279722374,0.0,9.204776725272719,0.0
115,3,4.0,Remain,748.0,1649.721103690038,482.86053983320045,77.15550508129056,417193.82503151,1076836.9464314233,24.442403920702553,52.71310116058785
115,3,4.0,Undevelopable,34.0,0.22124805535130482,0.0223326753029,0.9085177629787776,27.3203061206,215.71685396726696,0.0,0.0
115,10,4.0,Developable,5388.0,0.0,0.0,192.0675921083545,0.0,0.0,0.0,0.0
115,10,4.0,Redevelopable,325.0,0.0,146.61391066337828,32.83949698933186,227308.04752477992,0.0,32.83949698933186,0.0
115,10,4.0,Remain,8137.0,25320.830785795068,9218.067670340239,766.197060162184,7019440.658163052,12873755.277616374,377.32556967506196,388.87149048712746
115,10,4.0,Undevelopable,655.0,9559.64560693376,430.5284636656066,291.72510271711354,281183.1000078405,4937227.671312575,0.0,0.0
116,8,4.0,Developable,725.0,0.0,0.0,35.539948736665885,0.0,0.0,0.0,0.0
116,8,4.0,Redevelopable,15.0,0.0,5.506672828289477,3.273310704618052,9379.79525123325,0.0,3.273310704618052,0.0
116,8,4.0,Remain,1914.0,3171.4199102756124,1961.3494931069554,239.84969298328113,1878550.3208354479,1693856.958266771,152.37000049802825,87.47969248525281
116,8,4.0,Undevelopable,101.0,4.410517299810566,18.248179652305726,22.41205856610845,5806.384184169513,1567.5233546739557,0.0,0.0
117,2,4.0,Developable,149.0,0.0,0.0,8.570688880938178,0.0,0.0,0.0,0.0
117,2,4.0,Redevelopable,16.0,0.0,4.791317388552783,1.9052970310316384,6772.16070997059,0.0,1.9052970310316384,0.0
117,2,4.0,Remain,249.0,301.13356994222465,228.78291560705588,32.829182269528054,178424.29000168218,285518.8981713735,16.95911362591307,15.87006864361497
117,2,4.0,Undevelopable,34.0,0.778907578220617,5.978531129673052,3.540550800678882,7313.736415297636,759.4348887642279,0.0,0.0
118,10,3.0,Developable,34.0,0.0,0.0,35.464910066216646,0.0,0.0,0.0,0.0
118,10,3.0,Remain,24.0,1146.9241056230053,4.011783387563,46.26834103985696,2005.89226263101,457737.6716619076,5.2882880770325,40.98005296282446
118,10,3.0,Undevelopable,18.0,0.104046153299,0.0,10.282233114899094,0.0,38.9132613337,0.0,0.0
119,8,3.0,Developable,139.0,0.0,0.0,81.81642103845488,0.0,0.0,0.0,0.0
119,8,3.0,Redevelopable,7.0,0.0,5.3658150641899205,4.209283815388909,6737.425912968961,0.0,4.209283815388909,0.0
119,8,3.0,Remain,257.0,2333.6488068944127,362.6466223542573,235.35550802011772,525781.1668024171,983233.4528713541,65.70544970587521,169.6500583142425
119,8,3.0,Undevelopable,88.0,12.219264424875,9.8424409578688,59.44293126585192,14770.1113234998,4276.742548708,0.0,0.0
120,8,3.0,Developable,56.0,0.0,0.0,67.74943352707213,0.0,0.0,0.0,0.0
120,8,3.0,Redevelopable,2.0,0.0,1.9993061473679998,0.8891784804030001,1910.337396274,0.0,0.8891784804030001,0.0
120,8,3.0,Remain,24.0,2188.4646744816077,11.02642418484401,40.6567164931329,17747.83950313029,1268927.728455134,8.768061607556229,31.888654885576656
120,8,3.0,Undevelopable,18.0,0.0,2.158413588292,40.44194603187779,2485.512071592,0.0,0.0,0.0
121,8,2.0,Developable,121.0,0.0,0.0,38.3655299508797,0.0,0.0,0.0,0.0
121,8,2.0,Redevelopable,60.0,160.52897605637,40.52687512721801,32.296706695787,67801.394156537,78703.420354105,23.807012351118995,8.489694344667997
121,8,2.0,Remain,322.0,1686.0292279586663,214.66365331316774,119.66393895124972,475687.48320452403,801678.2801131721,68.13351216329194,51.5304267879578
121,8,2.0,Undevelopable,38.0,0.571676704442,4.00022687152,15.855106477808619,6000.34030728,361.871353912,0.0,0.0
122,8,2.0,Developable,20.0,0.0,0.0,2.3551986175114563,0.0,0.0,0.0,0.0
122,8,2.0,Remain,318.0,380.51671114879997,385.6644351945611,70.56436273866525,727968.0812706506,140822.93640237002,36.254329981988214,34.310032756677
122,8,2.0,Undevelopable,32.0,0.0,2.00012668023,7.567693717134104,3596.2273446,0.0,0.0,0.0
123,8,2.0,Developable,188.0,0.0,0.0,419.3923883368806,0.0,0.0,0.0,0.0
123,8,2.0,Redevelopable,3.0,8.00051239788,0.0382735105978,2.1829385595362,181.913995871,7023.45031623,0.0382738232772,2.144664736259
123,8,2.0,Remain,81.0,380.0240127799,65.56741201790203,42.9218225211296,215940.56975761594,176591.07531359,35.6527363337606,7.269086187368999
123,8,2.0,Undevelopable,31.0,0.0,0.0,19.5989369367657,0.0,0.0,0.0,0.0
124,8,2.0,Developable,13.0,0.0,0.0,3.52863868274701,0.0,0.0,0.0,0.0
124,8,2.0,Redevelopable,1.0,0.0,1.00005330127,0.635095230197,2944.15691893,0.0,0.635095230197,0.0
124,8,2.0,Remain,57.0,31.6893064871198,34.37020212335342,6.0296562591822305,72958.7394905835,15663.131030800998,4.36005467104622,1.6696015881360098
124,8,2.0,Undevelopable,6.0,0.0,0.0,2.8026358939566403,0.0,0.0,0.0,0.0
125,8,3.0,Developable,49.0,0.0,0.0,19.56546456450297,0.0,0.0,0.0,0.0
125,8,3.0,Redevelopable,4.0,0.0,3.864815650264,5.608980856037,7022.82451113,0.0,5.608980856037,0.0
125,8,3.0,Remain,408.0,418.26751778463,381.4183399067037,121.16126063245166,552733.6602266047,209570.90331509052,100.84650388267232,20.31475674977931
125,8,3.0,Undevelopable,28.0,138.950601175,3.6479132279825,21.940162692172397,6109.973088008001,48632.7104113,0.0,0.0
126,8,3.0,Developable,11.0,0.0,0.0,1.9263224804074501,0.0,0.0,0.0,0.0
126,8,3.0,Redevelopable,1.0,0.0,0.999648255569,0.332845506647,927.673581168,0.0,0.332845506647,0.0
126,8,3.0,Remain,108.0,397.91361945029894,81.85578432358469,12.958354294519266,82709.4857225829,161400.56973860474,7.610387498737269,5.347966795782001
126,8,3.0,Undevelopable,15.0,23.64995704355,18.4819438462,8.55842331665074,7763.75635634,20098.56546232,0.0,0.0
127,2,3.0,Developable,29.0,0.0,0.0,29.036613416347755,0.0,0.0,0.0,0.0
127,2,3.0,Remain,404.0,62.977472275702,562.3375623670549,97.90408558640456,675948.5350186893,42353.865160662,91.45173658614024,6.4523490002643005
127,2,3.0,Undevelopable,24.0,0.0,0.0,18.0466785035547,0.0,0.0,0.0,0.0
128,8,3.0,Developable,50.0,0.0,0.0,10.857786730260845,0.0,0.0,0.0,0.0
128,8,3.0,Redevelopable,1.0,0.0,0.999653021643,0.222178047424,981.659267253,0.0,0.222178047424,0.0
128,8,3.0,Remain,403.0,1706.578170527031,398.6730712322987,117.94670951641422,756041.7388303165,788066.2016383983,45.5955284976326,72.35118101878165
128,8,3.0,Undevelopable,34.0,79.4793483787,8.269959545577999,53.0237639644463,19653.198278469,77492.3646693,0.0,0.0
129,8,1.0,Undevelopable,10.0,1.89038793493673,0.0,1.94277518937862,0.0,980.51681122732,0.0,0.0
129,8,3.0,Developable,21.0,0.0,0.0,3.2271699891005796,0.0,0.0,0.0,0.0
129,8,3.0,Remain,79.0,580.1228712408549,11.332253710840702,34.30088916810434,14125.358642416002,313244.7877466671,1.6247444225302903,32.67614474557405
129,8,3.0,Undevelopable,8.0,29.524787481780002,0.0,5.6158805691729,0.0,15505.64541511,0.0,0.0
130,0,3.0,Remain,7.0,0.0,1.6841950207240999,0.3956254668786,2475.3484414181,0.0,0.3956254668786,0.0
130,0,3.0,Undevelopable,1.0,0.0,0.0,0.0620380251801,0.0,0.0,0.0,0.0
130,8,3.0,Developable,12.0,0.0,0.0,9.966518655785878,0.0,0.0,0.0,0.0
130,8,3.0,Remain,25.0,148.152441072366,14.1983403144854,8.40964321329414,20391.401024546103,63588.61149363,3.3332684843525,5.07637472894164
130,8,3.0,Undevelopable,10.0,0.0,0.0,2.444580214966702,0.0,0.0,0.0,0.0
131,0,3.0,Developable,1.0,0.0,0.0,0.00710843046923,0.0,0.0,0.0,0.0
131,0,3.0,Remain,56.0,0.0,74.57645856224022,7.345980037994818,70157.72572368826,0.0,7.345980037994818,0.0
131,0,3.0,Undevelopable,1.0,0.0,0.0,0.00824451832146,0.0,0.0,0.0,0.0
131,8,3.0,Developable,16.0,0.0,0.0,3.6294174115610995,0.0,0.0,0.0,0.0
131,8,3.0,Remain,46.0,2.016375098522698,150.06876336548373,31.003065722269305,172291.53807564566,754.2771212530669,30.665617865696927,0.33744785657238363
131,8,3.0,Undevelopable,7.0,0.0,0.0051868663535,0.0421884890163315,11.4266665768,0.0,0.0,0.0
132,8,3.0,Developable,19.0,0.0,0.0,4.40544924904996,0.0,0.0,0.0,0.0
132,8,3.0,Redevelopable,2.0,0.0,1.9993293468059998,0.633636884305,1730.420508567,0.0,0.633636884305,0.0
132,8,3.0,Remain,318.0,560.1702539239191,274.06678409073487,138.1853335537616,446930.51475264935,258069.64372992204,112.50149956274213,25.683833991019494
132,8,3.0,Undevelopable,29.0,3.99865986039,3.824167419583,6.850585553393001,4857.25806199,1399.53095114,0.0,0.0
133,6,2.0,Developable,44.0,0.0,0.0,31.953189847333476,0.0,0.0,0.0,0.0
133,6,2.0,Redevelopable,2.0,11.9992292353,0.0,0.9498598465799999,0.0,11699.24850442,0.0,0.9498598465799999
133,6,2.0,Remain,47.0,2189.9933151950713,427.69475660874144,52.154064554512054,143491.4825478227,885865.4615713607,16.9582766635807,35.195787890931356
133,6,2.0,Undevelopable,4.0,0.0,0.0,4.0788512028994,0.0,0.0,0.0,0.0
134,6,2.0,Developable,71.0,0.0,0.0,9.11113408635688,0.0,0.0,0.0,0.0
134,6,2.0,Redevelopable,18.0,73.91390238219138,4.098975330061,4.892638206403811,5619.780909108999,49400.379369741575,0.38882079438135003,4.503817412022462
134,6,2.0,Remain,213.0,674.343844271541,362.47232922713994,32.70169495691076,758623.4590252023,379994.189064443,15.443406135880242,17.25828882103054
134,6,2.0,Undevelopable,11.0,0.353283520921,0.0,10.948326924985281,0.0,223.628468743,0.0,0.0
135,6,2.0,Undevelopable,22.0,4250.362271321111,0.0,95.53897010102332,0.0,3600968.6945697195,0.0,0.0
136,4,2.0,Developable,25.0,0.0,0.0,8.164371897437702,0.0,0.0,0.0,0.0
136,4,2.0,Redevelopable,25.0,254.72165167633003,12.832185371608,6.9701684804362,12336.238784645,109700.17605161999,1.1944410852196,5.7757273952166
136,4,2.0,Remain,65.0,192.14451285598201,71.89291212828502,14.989496367237596,83218.919622016,115750.92356940998,4.844466659024,10.145029708213599
136,4,2.0,Undevelopable,31.0,5.801102069284,0.0,18.117795049942288,0.0,3489.3743465350003,0.0,0.0
136,8,2.0,Developable,6.0,0.0,0.0,0.23686818900845003,0.0,0.0,0.0,0.0
136,8,2.0,Redevelopable,5.0,5.815638341518,0.0,0.5450286599846,0.0,3397.4703588730004,0.0,0.5450286599846
136,8,2.0,Remain,4.0,23.01838991129,0.0,1.094213344239,0.0,14052.666182575998,0.0,1.094213344239
136,8,2.0,Undevelopable,31.0,125.192476177274,0.0,6.792475464258506,0.0,79146.574388387,0.0,0.0
137,6,2.0,Developable,20.0,0.0,0.0,2.61507127808851,0.0,0.0,0.0,0.0
137,6,2.0,Redevelopable,30.0,134.83321596361654,9.166719807592001,9.308221556428101,10205.636688491999,101787.7470395979,1.2418687523148002,8.066352804113302
137,6,2.0,Remain,102.0,235.2065984802838,184.71112555310452,18.24055684557945,188919.4497179342,141235.1595838864,7.479520693413691,10.76103615216576
137,6,2.0,Undevelopable,34.0,3.99979970872,0.0,14.355861796419115,0.0,3899.804716,0.0,0.0
138,6,2.0,Developable,46.0,0.0,0.0,4.789000532693168,0.0,0.0,0.0,0.0
138,6,2.0,Redevelopable,82.0,270.51927603586,62.96725990458042,27.21109801801405,82215.67742321613,147077.16985422,11.269913725205047,15.941184292808998
138,6,2.0,Remain,446.0,558.904193977877,471.1302900041924,65.60979188777836,682038.5240943724,313149.5017195934,44.81960754411596,20.790184343662368
138,6,2.0,Undevelopable,27.0,2.94838916767772,0.0,13.504684127046032,0.0,1031.9362086862,0.0,0.0
139,4,2.0,Developable,4.0,0.0,0.0,0.1374209665945,0.0,0.0,0.0,0.0
139,4,2.0,Redevelopable,4.0,13.427845104015,0.0,0.8509478967493,0.0,5705.165269042,0.0,0.8509478967493
139,4,2.0,Remain,8.0,21.239712178288997,0.0,1.5013544124827998,0.0,10069.274858486,0.0,1.5013544124827998
139,4,2.0,Undevelopable,3.0,0.0,0.0,0.2262960892316,0.0,0.0,0.0,0.0
139,8,2.0,Developable,2.0,0.0,0.0,0.015767142830184,0.0,0.0,0.0,0.0
139,8,2.0,Remain,1.0,3.72258261907,0.0,0.158213561522,0.0,1392.24589953,0.0,0.158213561522
139,8,2.0,Undevelopable,2.0,0.0,0.0,0.02019721538766,0.0,0.0,0.0,0.0
140,6,2.0,Developable,32.0,0.0,0.0,12.911435272760873,0.0,0.0,0.0,0.0
140,6,2.0,Redevelopable,59.0,92.18812157414001,44.2340625082182,12.691647663823204,60302.81085485469,42991.509299850004,7.498450476364202,5.193197187459001
140,6,2.0,Remain,84.0,80.0541297811912,84.28608362588217,13.227288590917547,84094.61646036562,54922.1294266924,7.639141414312129,5.588147176605421
140,6,2.0,Undevelopable,54.0,65.01634590317401,0.999936531952,45.814820864148466,1421.39170932,22755.721066101,0.0,0.0
141,8,2.0,Developable,23.0,0.0,0.0,17.47555894099363,0.0,0.0,0.0,0.0
141,8,2.0,Redevelopable,5.0,33.15836898331,0.0,1.585389554406,0.0,12156.387191290001,0.0,1.585389554406
141,8,2.0,Remain,48.0,1424.496245346867,65.9819154493588,30.72959632126625,62410.79510564005,695149.41643754,3.0346346297028433,27.6949616915634
141,8,2.0,Undevelopable,3.0,0.00330821991671,0.0,0.45715489269564935,0.0,2.09410320728,0.0,0.0
142,2,2.0,Developable,13.0,0.0,0.0,1.6044484145781102,0.0,0.0,0.0,0.0
142,2,2.0,Redevelopable,33.0,115.23169162005001,24.751371401193204,14.265419174317978,35811.92046796701,91932.88837045,4.222672969027981,10.04274620529
142,2,2.0,Remain,105.0,89.40612165233,185.73735432034437,13.749891479937352,201353.56221916233,70095.58934379,10.560453930464055,3.1894375494733005
142,2,2.0,Undevelopable,19.0,0.00122586724031,1.99986406113,4.4350522403794175,1949.15510703,0.429053534109,0.0,0.0
143,4,2.0,Developable,111.0,0.0,0.0,70.89404809930802,0.0,0.0,0.0,0.0
143,4,2.0,Redevelopable,55.0,38.429385873553,42.1845003106788,8.6640494105884,56710.654405071604,19526.983944223,5.6563430493052,3.0077063612832
143,4,2.0,Remain,147.0,3705.175963731865,336.3484264057443,80.33834025028659,199874.069103265,1482260.7434530628,26.685717184243302,53.652623066043304
143,4,2.0,Undevelopable,21.0,0.0,0.0,21.285172720881768,0.0,0.0,0.0,0.0
143,8,2.0,Developable,23.0,0.0,0.0,3.4641712348882807,0.0,0.0,0.0,0.0
143,8,2.0,Redevelopable,5.0,36.9978049027,0.28380043405683,1.8075434395006549,371.0630909843,13837.1790336,0.043943096600655,1.7636003429
143,8,2.0,Remain,20.0,575.4939656527011,0.321719173586859,10.12975873180662,1635.24384622443,241363.72962621227,1.241776218309018,8.8879825134976
143,8,2.0,Undevelopable,8.0,0.0,0.0,0.48505723823913,0.0,0.0,0.0,0.0
144,7,2.0,Developable,13.0,0.0,0.0,7.614241642690157,0.0,0.0,0.0,0.0
144,7,2.0,Redevelopable,10.0,16.026924212666888,0.0,1.148706993760604,0.0,12079.27294468149,0.0,1.148706993760604
144,7,2.0,Remain,27.0,53.59492876289001,12.4163669035358,2.9292157894027206,10077.5684422913,31194.947299985,1.32658944660122,1.6026263428014997
144,7,2.0,Undevelopable,3.0,1.97254478742,0.0,1.5414641832600002,0.0,1248.62085043,0.0,0.0
144,10,2.0,Developable,79.0,0.0,0.0,16.5686557723227,0.0,0.0,0.0,0.0
144,10,2.0,Redevelopable,57.0,593.730949788232,0.999948125116,47.15965549376901,831.790182042,440704.82784040575,0.0,47.15965549376901
144,10,2.0,Remain,66.0,1478.2963531834453,81.57866371776602,32.513541167990105,79952.857379396,1172563.328201915,2.6229428916637,29.890598276326415
144,10,2.0,Undevelopable,32.0,20.413409071361002,0.0,15.216875009682802,0.0,13012.660978676,0.0,0.0
145,6,2.0,Developable,44.0,0.0,0.0,28.362553926845322,0.0,0.0,0.0,0.0
145,6,2.0,Redevelopable,2.0,24.2300477403,5.99160422943,4.8432954860079995,2857.99521744,23624.2965468,0.253276303278,4.59001918273
145,6,2.0,Remain,17.0,501.241739549698,22.034856324773003,23.237421138772397,40109.8593471,219924.372051282,17.256220834773,5.9812003039994
145,6,2.0,Undevelopable,3.0,0.0,0.0,2.9267879207842,0.0,0.0,0.0,0.0
146,4,2.0,Developable,2.0,0.0,0.0,0.150558658128,0.0,0.0,0.0,0.0
146,4,2.0,Redevelopable,9.0,5.46106831753,3.785894781346,0.8536307064102,4893.464445358,2042.43955076,0.5067927459454,0.34683796046480003
146,4,2.0,Remain,35.0,29.441679549473,18.90803550701992,2.761240973044885,27207.115216854938,25797.8738929756,1.6761410774322851,1.0850998956126003
146,4,2.0,Undevelopable,5.0,0.0,0.0,0.41322815678139996,0.0,0.0,0.0,0.0
146,8,2.0,Developable,46.0,0.0,0.0,5.703682592402151,0.0,0.0,0.0,0.0
146,8,2.0,Redevelopable,219.0,95.11076817518,141.6864681464045,29.56256054119123,202554.7153745562,46389.44327860599,24.707767107318023,4.8547934338732
146,8,2.0,Remain,384.0,167.89739839175974,323.79432488654044,40.602171572532086,431644.3769933958,86046.07698920042,32.90398421622172,7.698187356310378
146,8,2.0,Undevelopable,47.0,9.021634438904,0.0,15.946524742116335,0.0,6273.828191687,0.0,0.0
147,1,2.0,Developable,816.0,0.0,0.0,50.01124107871575,0.0,0.0,0.0,0.0
147,1,2.0,Redevelopable,55.0,855.196836972027,31.187145117306997,57.96578721527563,40317.771597601,485267.6931870841,1.9123273291966,56.053459886079025
147,1,2.0,Remain,209.0,4918.51860025024,924.0875730793696,69.65628669524155,1436600.735981161,3012493.9184292336,12.33821773606136,57.31806895918019
147,1,2.0,Undevelopable,63.0,679.2177348242601,35.848239826143995,45.2525832187269,383831.84728384,260440.54011996998,0.0,0.0
147,5,2.0,Developable,404.0,0.0,0.0,67.2312518924174,0.0,0.0,0.0,0.0
147,5,2.0,Redevelopable,62.0,658.2700038973883,5.5312443402497,22.190871293164687,5295.1516641963,338354.50664642063,0.049016369005330004,22.141854924159357
147,5,2.0,Remain,1773.0,41994.82710176647,3022.7845384470415,173.1174509534528,3701182.2850576905,23094806.2935205,28.80393103565102,144.31351991780156
147,5,2.0,Undevelopable,127.0,12764.72576699235,35.64180438101,113.91081818072026,298499.46121119004,6172909.8005824555,0.0,0.0
147,9,2.0,Developable,255.0,0.0,0.0,38.88830916647274,0.0,0.0,0.0,0.0
147,9,2.0,Redevelopable,156.0,1349.5250844047002,66.38380618884193,72.27296582423709,81720.37229897214,696636.3817197164,3.818084087218474,68.45488173701864
147,9,2.0,Remain,759.0,10195.452119228215,2259.585471068644,116.45338652894318,2329445.6768886396,5674377.180726582,25.519220176411007,90.93416635253216
147,9,2.0,Undevelopable,130.0,281.031533811605,3.2529430005870004,107.40930981839989,5064.503398938999,149468.7452378871,0.0,0.0
148,7,2.0,Developable,57.0,0.0,0.0,8.143563900588768,0.0,0.0,0.0,0.0
148,7,2.0,Redevelopable,34.0,527.7312963737179,15.344320400485,9.515385129017199,21355.632015748,257835.475525475,1.3138980150383,8.2014871139789
148,7,2.0,Remain,200.0,3592.7860375663195,831.2315025731796,63.18909648102065,982825.2214460082,1824892.866971352,16.369143482680826,46.8199529983398
148,7,2.0,Undevelopable,19.0,107.99368418504999,0.0,5.288073445915792,0.0,70244.89114656,0.0,0.0
148,10,2.0,Developable,166.0,0.0,0.0,22.740408753230227,0.0,0.0,0.0,0.0
148,10,2.0,Redevelopable,79.0,991.2910548343259,54.3729521463743,26.999027812289206,64652.2833582435,507453.8642099279,4.2845201077729005,22.714507704516304
148,10,2.0,Remain,1225.0,8520.218128742314,4067.7661665689075,141.27880189686837,4497717.25593534,4603465.081811417,65.17159122974928,76.10721066711893
148,10,2.0,Undevelopable,91.0,1265.725971381843,37.997878526657,37.85883915327663,34410.035306972,776004.8859823273,0.0,0.0
149,6,2.0,Developable,11.0,0.0,0.0,0.45283575023820005,0.0,0.0,0.0,0.0
149,6,2.0,Redevelopable,10.0,0.0,10.999346430808998,1.4650296405812,22235.687359779997,0.0,1.4650296405812,0.0
149,6,2.0,Remain,301.0,53.72906202811,490.54040464585376,19.492280169671385,613869.556099313,24238.417373590004,18.89586033614539,0.596419833526
149,6,2.0,Undevelopable,29.0,1262.6477430167001,205.17186274464893,52.79560653903338,225586.42909395933,448435.3527617,0.0,0.0
150,4,2.0,Developable,2.0,0.0,0.0,0.337658578726,0.0,0.0,0.0,0.0
150,4,2.0,Redevelopable,1.0,7.79754481613,0.0,0.0931218549226,0.0,7602.60619572,0.0,0.0931218549226
150,4,2.0,Remain,5.0,47.47443919692,0.0,0.9904594806286,0.0,21196.31795038,0.0,0.9904594806286
150,4,2.0,Undevelopable,1.0,0.0,0.0,0.00370667015518,0.0,0.0,0.0,0.0
150,8,2.0,Developable,197.0,0.0,0.0,33.640889764173345,0.0,0.0,0.0,0.0
150,8,2.0,Redevelopable,144.0,1485.9337009395574,34.64320703165399,53.74575732434772,48923.57899884201,784145.8269374298,5.926162995535299,47.81959432881241
150,8,2.0,Remain,969.0,4777.079509201286,1271.390268534114,162.78562542487012,1596387.3701853491,2757033.754364814,81.48349656542324,81.30212885944685
150,8,2.0,Undevelopable,45.0,9104.707727214345,318.986968314923,77.01023938044878,214106.86350405,3188927.5901715704,0.0,0.0
151,7,2.0,Developable,56.0,0.0,0.0,9.063397935049744,0.0,0.0,0.0,0.0
151,7,2.0,Redevelopable,19.0,118.26006495185001,6.552530659483999,7.433271798288399,10793.441509896,51549.468769686,1.084226139733,6.3490456585554
151,7,2.0,Remain,359.0,2549.8139271443974,780.2223842749255,86.85746566154889,1045728.2408088783,1202875.733801243,37.7048457606035,49.15261990094535
151,7,2.0,Undevelopable,30.0,79.0529532445,0.0,38.88271189993064,0.0,44081.91147,0.0,0.0
151,10,2.0,Developable,56.0,0.0,0.0,6.579954487968392,0.0,0.0,0.0,0.0
151,10,2.0,Redevelopable,11.0,20.289848257844,8.9157479813607,2.6808187462847,13262.398007333,10627.784423899,1.0381067614137,1.6427119848710001
151,10,2.0,Remain,205.0,4341.589379535957,505.50450127370385,76.24018675143212,800051.4056593691,2146238.6686279876,18.642271161751307,57.59791558968081
151,10,2.0,Undevelopable,46.0,13.583905336740001,1.108440413238,32.81742177337645,2169.893029796,8468.910251689,0.0,0.0
152,6,2.0,Developable,69.0,0.0,0.0,7.888244469287351,0.0,0.0,0.0,0.0
152,6,2.0,Redevelopable,5.0,0.0,4.825219954934,0.9169797784619,8031.181344512999,0.0,0.9169797784619,0.0
152,6,2.0,Remain,383.0,1401.7817958869,662.1204472121854,40.99557399067451,735925.9362785553,708003.9270543001,29.441169353328757,11.554404637345757
152,6,2.0,Undevelopable,31.0,54.9967860843,4.999705862878001,8.356693463744639,7401.255864119001,19248.8751295,0.0,0.0
153,6,2.0,Developable,1.0,0.0,0.0,0.0358123856223,0.0,0.0,0.0,0.0
153,6,2.0,Remain,2.0,0.0,0.17154211437470002,0.0877296454837,1277.0151675480001,0.0,0.0877296454837,0.0
153,6,2.0,Undevelopable,31.0,12613.972345853561,62.16802389635,290.05145561523744,49734.4191171,5390613.74973259,0.0,0.0
154,0,2.0,Developable,19.0,0.0,0.0,12.909014804789098,0.0,0.0,0.0,0.0
154,0,2.0,Redevelopable,5.0,231.34511597660003,0.0,6.737699779552,0.0,93201.9618058,0.0,6.737699779552
154,0,2.0,Remain,8.0,330.43237009699,0.0,4.6003217307293,0.0,224572.62365031996,0.0,4.6003217307293
154,0,2.0,Undevelopable,20.0,57.446363139400006,0.252117098383,18.6057951256988,671.639950093,20706.18756143,0.0,0.0
154,8,2.0,Developable,32.0,0.0,0.0,9.401254601326452,0.0,0.0,0.0,0.0
154,8,2.0,Redevelopable,37.0,130.66260399112798,22.944052620581,12.525853580380302,30856.371193621995,88451.57331275799,3.5957327262541,8.9301208541262
154,8,2.0,Remain,119.0,318.40277934880993,115.14429786866893,22.680625533751005,183967.7191917799,185086.14947496,12.666472945349497,10.0141525884015
154,8,2.0,Undevelopable,9.0,0.0,0.0,2.605942583166812,0.0,0.0,0.0,0.0
155,6,2.0,Developable,3.0,0.0,0.0,2.0927047135066,0.0,0.0,0.0,0.0
155,6,2.0,Remain,171.0,0.0,202.55159188195677,34.110217380119174,508569.631704249,0.0,34.110217380119174,0.0
155,6,2.0,Undevelopable,3.0,0.0,0.0,9.551198376937,0.0,0.0,0.0,0.0
156,6,2.0,Developable,30.0,0.0,0.0,6.092515824150458,0.0,0.0,0.0,0.0
156,6,2.0,Redevelopable,64.0,78.61928156962,56.491332438071495,18.034489710196002,74868.27965390508,27843.565125130997,15.311476181379895,2.7230135288161
156,6,2.0,Remain,159.0,274.541624619,167.71304878829582,31.801813770590865,263569.15767088265,182801.90232780002,22.57173236686016,9.230081403730699
156,6,2.0,Undevelopable,20.0,0.0,0.0,12.34783407026957,0.0,0.0,0.0,0.0
157,6,2.0,Developable,4.0,0.0,0.0,1.738714013559,0.0,0.0,0.0,0.0
157,6,2.0,Remain,109.0,0.0,91.11365470598201,19.32178847796399,207047.2884185153,0.0,19.32178847796399,0.0
157,6,2.0,Undevelopable,7.0,0.0,0.331297782828,9.4055497461918,697.508997531,0.0,0.0,0.0
158,6,2.0,Developable,2.0,0.0,0.0,4.3348910560817,0.0,0.0,0.0,0.0
158,6,2.0,Redevelopable,2.0,0.0,1.0640418870647,0.8942895076363,2352.859219292,0.0,0.8942895076363,0.0
158,6,2.0,Remain,93.0,9.97473173699,68.09639134235455,13.844316515081669,140314.05393155522,6314.00518951,13.530959992746668,0.313356522335
158,6,2.0,Undevelopable,3.0,150.611049673,0.0,17.5309759258392,0.0,52713.8673855,0.0,0.0
159,3,2.0,Developable,2.0,0.0,0.0,7.66653831907,0.0,0.0,0.0,0.0
159,3,2.0,Redevelopable,1.0,0.109603968789,0.0,0.0123660998318,0.0,38.3613890761,0.0,0.0123660998318
159,3,2.0,Remain,7.0,737.78088864687,0.0,16.0860966999368,0.0,307979.45948979,0.0,16.0860966999368
159,3,2.0,Undevelopable,3.0,1.70422403236,0.0,0.36352842475824,0.0,1078.77381249,0.0,0.0
159,7,2.0,Developable,44.0,0.0,0.0,32.91397108493104,0.0,0.0,0.0,0.0
159,7,2.0,Redevelopable,6.0,5.634921972613,2.747969340771,1.0645133783359,5477.052076767,2301.373388124,0.624169160584,0.44034421775189997
159,7,2.0,Remain,141.0,1062.996770176922,193.1950249997805,39.03162378584665,389528.07771992823,668650.3089186087,20.195412033942734,18.836211751903907
159,7,2.0,Undevelopable,24.0,72.25240019548369,380.31779478489796,55.17140516356608,366048.37244877004,25371.3525637483,0.0,0.0
159,10,2.0,Developable,289.0,0.0,0.0,242.9178985229944,0.0,0.0,0.0,0.0
159,10,2.0,Redevelopable,71.0,1371.2853735509495,40.384456730524,95.180136521507,55638.069725679,725330.792949246,10.381353705960901,84.79878281554609
159,10,2.0,Remain,949.0,19710.976122123382,975.6140299021005,640.6329495647204,1592697.1755599608,10752678.682663044,179.73348510007438,460.8994644646451
159,10,2.0,Undevelopable,75.0,109.96094829340201,273.37663377836,112.4276541801502,235609.39979062,45439.989013908,0.0,0.0
160,8,2.0,Developable,59.0,0.0,0.0,11.74244070543577,0.0,0.0,0.0,0.0
160,8,2.0,Remain,103.0,3733.38462525786,6.6062409560254185,59.043168354556784,20113.250951615308,2142687.407477745,1.6444413010418886,57.398727053514875
160,8,2.0,Undevelopable,12.0,208.452284265692,0.0,6.864037280198819,0.0,131950.29594026902,0.0,0.0
161,8,4.0,Developable,424.0,0.0,0.0,409.82076088735704,0.0,0.0,0.0,0.0
161,8,4.0,Remain,242.0,295.0531339284517,122.7883083797805,64.5846497333235,334357.570004991,156352.42302444283,45.703622801045846,18.881026932277596
161,8,4.0,Undevelopable,99.0,10.147909585109,39.20379962182093,37.17922112281902,61190.81353865675,3859.0376185679997,0.0,0.0
162,6,2.0,Developable,3.0,0.0,0.0,1.4492355368368999,0.0,0.0,0.0,0.0
162,6,2.0,Remain,87.0,0.0,72.50494960038031,17.80076464885839,232979.63120587807,0.0,17.80076464885839,0.0
162,6,2.0,Undevelopable,5.0,0.0,0.0,7.484929983863658,0.0,0.0,0.0,0.0
163,6,2.0,Developable,3.0,0.0,0.0,0.042021466001159996,0.0,0.0,0.0,0.0
163,6,2.0,Remain,1.0,0.012768353056,0.0,0.0198957114566,0.0,12.4491442296,0.0,0.0198957114566
163,6,2.0,Undevelopable,8.0,52.4321657127,0.0,4.9963061735275405,0.0,51121.3615698,0.0,0.0
164,4,2.0,Developable,65.0,0.0,0.0,87.88305579409244,0.0,0.0,0.0,0.0
164,4,2.0,Remain,2.0,28.0014243353,0.0,4.284936549839999,0.0,17724.90160427,0.0,4.284936549839999
164,4,2.0,Undevelopable,6.0,0.0,0.0,5.309960322219561,0.0,0.0,0.0,0.0
164,8,2.0,Developable,177.0,0.0,0.0,273.8993464349187,0.0,0.0,0.0,0.0
164,8,2.0,Remain,48.0,8.720478053106,63.71317763280656,6.334290242597934,148553.6929518554,5316.285418019,5.125850126360635,1.2084401162373002
164,8,2.0,Undevelopable,119.0,0.0,0.0,117.32747414698046,0.0,0.0,0.0,0.0
165,2,2.0,Developable,18.0,0.0,0.0,23.4656452376013,0.0,0.0,0.0,0.0
165,2,2.0,Remain,3.0,721.6610140623,0.0,4.798823444069,0.0,622793.3609555,0.0,4.798823444069
166,6,2.0,Developable,62.0,0.0,0.0,115.08427985825158,0.0,0.0,0.0,0.0
166,6,2.0,Undevelopable,16.0,0.0,0.0,7.016435702457051,0.0,0.0,0.0,0.0
167,8,2.0,Developable,85.0,0.0,0.0,48.8700773240176,0.0,0.0,0.0,0.0
167,8,2.0,Redevelopable,11.0,20.9596459132,6.875953648621,5.137790075731001,13542.169066096,12713.093232004001,3.939058992543,1.198731083188
167,8,2.0,Remain,145.0,1104.9674445945545,62.39157618691271,73.0639936529595,174723.01537376907,507019.15680722677,24.503663216833974,48.56033043612554
167,8,2.0,Undevelopable,30.0,26.093019769907002,0.0,15.20121259411006,0.0,9189.97038265,0.0,0.0
168,3,2.0,Developable,36.0,0.0,0.0,39.80524658293748,0.0,0.0,0.0,0.0
168,3,2.0,Remain,17.0,2106.70934918333,302.012030013,33.20931688807701,305782.180189,1559306.3417022796,2.7488095743,30.460507313777015
168,3,2.0,Undevelopable,14.0,88.2990949062,0.0,26.641488440881606,0.0,55893.3270756,0.0,0.0
168,10,2.0,Developable,37.0,0.0,0.0,27.579892547922967,0.0,0.0,0.0,0.0
168,10,2.0,Remain,16.0,518.9275273961089,0.0,14.9785557449357,0.0,315387.219990835,0.0,14.9785557449357
168,10,2.0,Undevelopable,14.0,233.289991077,0.0,15.228951639803515,0.0,227457.7413,0.0,0.0
169,10,3.0,Developable,29.0,0.0,0.0,2.1344324611307464,0.0,0.0,0.0,0.0
169,10,3.0,Redevelopable,1.0,0.0,1.99927073953,0.184646406657,839.693710601,0.0,0.184646406657,0.0
169,10,3.0,Remain,36.0,1036.6557858560247,11.995614709732,34.14329878861011,12371.475286683999,579220.3927907094,0.6627490524853,33.48054973612481
169,10,3.0,Undevelopable,3.0,0.196619917842,0.0,0.795771075472,0.0,73.5358492729,0.0,0.0
170,8,3.0,Developable,55.0,0.0,0.0,32.09960703105464,0.0,0.0,0.0,0.0
170,8,3.0,Remain,84.0,3124.1416272088854,574.3879442811731,99.28822452169184,8315.151966873,1826986.8966449033,16.6796384509,82.60858607079186
170,8,3.0,Undevelopable,8.0,15.8091376914,0.0,6.8980638621558406,0.0,10007.1841587,0.0,0.0
171,8,3.0,Developable,4.0,0.0,0.0,0.39721546987576,0.0,0.0,0.0,0.0
171,8,3.0,Remain,62.0,9.030447373834999,27.579281812357,3.5785606048665897,30979.292070913,4636.705643023,3.0324349632267893,0.5461256416398
171,8,3.0,Undevelopable,11.0,0.0,0.0440290515226,0.4371288596098746,90.6895786791,0.0,0.0,0.0
172,6,2.0,Developable,20.0,0.0,0.0,4.725760237571979,0.0,0.0,0.0,0.0
172,6,2.0,Redevelopable,26.0,103.99635561009899,24.742420965413007,13.2399261297221,28426.957411667,97282.604251117,3.5362741739211003,9.703651955801
172,6,2.0,Remain,370.0,161.97288265481802,592.3686415346149,58.372174128607725,827866.6465649474,85979.54229836601,55.00985741184161,3.3623167167661
172,6,2.0,Undevelopable,9.0,0.995568423501,0.0,32.9503162886659,0.0,348.448948225,0.0,0.0
173,4,2.0,Developable,66.0,0.0,0.0,17.234796453885863,0.0,0.0,0.0,0.0
173,4,2.0,Redevelopable,47.0,384.02284536017993,6.11913892107,26.179278067644802,7208.885978817,317490.973405392,0.6929232064918001,25.486354861153004
173,4,2.0,Remain,289.0,2180.4063089931137,137.05361536010787,55.852656280775555,132875.89861272572,1390833.516695451,1.712030483356707,54.14062579741885
173,4,2.0,Undevelopable,21.0,57.11025766591,0.0,14.889338619081492,0.0,37170.65919221,0.0,0.0
173,8,2.0,Developable,27.0,0.0,0.0,6.108908564655999,0.0,0.0,0.0,0.0
173,8,2.0,Redevelopable,12.0,88.65681438896,2.868429749698,9.889589351232,3449.39928596,69368.51556098,0.6572588997269999,9.232330451505
173,8,2.0,Remain,47.0,2956.977283447078,10.841128081099,28.266577219981464,13794.13800806,1787988.3536617933,1.6750292702591003,26.591547949722365
173,8,2.0,Undevelopable,10.0,0.0,0.0,2.8699566336206,0.0,0.0,0.0,0.0
174,6,2.0,Developable,17.0,0.0,0.0,0.8585926104029051,0.0,0.0,0.0,0.0
174,6,2.0,Redevelopable,10.0,53.5847038417016,1.457019799038,4.2400295047723,1573.5813829579997,48669.8411019904,0.0,4.2400295047723
174,6,2.0,Remain,23.0,202.7647665535815,1.709191555464,7.661229921688862,1845.926879902,164233.80001688717,0.656760719927,7.004469201761862
174,6,2.0,Undevelopable,5.0,0.0,0.0,1.9441014688376,0.0,0.0,0.0,0.0
175,4,2.0,Developable,36.0,0.0,0.0,9.525722408496293,0.0,0.0,0.0,0.0
175,4,2.0,Redevelopable,8.0,123.56847846861,3.99992043184,10.784257623182999,7224.853645648999,105328.57986407,2.3438690227239998,8.440388600459
175,4,2.0,Remain,199.0,219.766505951932,262.4126253188519,13.091210346677453,408218.641592513,163291.17394488232,5.3235379132115,7.767672433465954
175,4,2.0,Undevelopable,15.0,100.01958257300001,43.748656530750004,14.5616668536703,89050.19240502,60039.70610131999,0.0,0.0
175,8,2.0,Developable,11.0,0.0,0.0,2.7565674839327,0.0,0.0,0.0,0.0
175,8,2.0,Redevelopable,3.0,3.599281509905,0.19174708305,0.5238083659986,188.295635555,3509.299472158,0.174992181043,0.3488161849556
175,8,2.0,Remain,25.0,382.65661964132596,39.09635794160501,15.167608153656529,54218.266224119994,194218.34510979548,4.4432504516004006,10.72435770205613
175,8,2.0,Undevelopable,4.0,139.9761164537,6.25025278796,9.001275189792,13750.5561335,81123.52439049,0.0,0.0
176,6,2.0,Developable,98.0,0.0,0.0,14.521116754335633,0.0,0.0,0.0,0.0
176,6,2.0,Redevelopable,59.0,299.95618634390803,18.8202185772645,24.582948390428033,18672.779792532696,219367.61568934668,2.5801486916428997,22.00279969878513
176,6,2.0,Remain,180.0,711.1323750883998,141.6853849778161,34.47114574960419,158206.56544216385,540973.2037319851,13.586795894886098,20.884349854718074
176,6,2.0,Undevelopable,7.0,0.0,1.95105775838,5.7291606901379994,2540.27720141,0.0,0.0,0.0
177,6,2.0,Developable,1.0,0.0,0.0,0.3602501126,0.0,0.0,0.0,0.0
177,6,2.0,Redevelopable,1.0,9.54726411928,0.0,0.856126559311,0.0,6043.41818751,0.0,0.856126559311
177,6,2.0,Undevelopable,6.0,0.0,0.0,3.2130937474055,0.0,0.0,0.0,0.0
178,4,2.0,Developable,43.0,0.0,0.0,6.636561739799706,0.0,0.0,0.0,0.0
178,4,2.0,Redevelopable,26.0,240.19086525593002,12.073813643849002,18.134020139369404,13000.6757390864,124572.214684583,1.6283201790614004,16.505699960308004
178,4,2.0,Remain,138.0,675.67067214243,154.5673628494686,35.467663284238064,191852.71766823248,331994.158095894,11.547364528387586,23.920298755850503
178,4,2.0,Undevelopable,7.0,13.88760575,0.0,14.029045582775,0.0,5193.96455049,0.0,0.0
178,8,2.0,Developable,215.0,0.0,0.0,46.092179905482915,0.0,0.0,0.0,0.0
178,8,2.0,Redevelopable,180.0,837.7693829799349,105.66158909769801,65.28611962440431,121816.71844752302,418635.40668552817,15.833419211014494,49.45270041338979
178,8,2.0,Remain,846.0,4738.8076434968825,1589.7192766899263,212.0251747053139,1736185.8944184147,2457834.2112643435,98.180182487324,113.84499221798995
178,8,2.0,Undevelopable,40.0,448.52194859446,5.61910037729,45.50148072100951,3648.66917832,229712.36599412,0.0,0.0
179,8,4.0,Developable,107.0,0.0,0.0,44.639835295847504,0.0,0.0,0.0,0.0
179,8,4.0,Redevelopable,1.0,0.0,0.543201083883,0.138182915504,505.177008011,0.0,0.138182915504,0.0
179,8,4.0,Remain,112.0,2711.486008282864,4.469957776820501,69.2960903481822,4231.4506870542,1095344.65164897,0.25366675644412795,69.04242359173807
179,8,4.0,Undevelopable,8.0,0.0,0.0,1.3877151105312766,0.0,0.0,0.0,0.0
180,8,4.0,Developable,498.0,0.0,0.0,139.46287228201126,0.0,0.0,0.0,0.0
180,8,4.0,Redevelopable,121.0,0.0,57.379041653352566,21.125225788594086,106290.67152262977,0.0,21.125225788594086,0.0
180,8,4.0,Remain,810.0,2529.8067273967613,530.6326135893776,147.47739080629748,749384.4950106494,1142712.7470368065,56.29285754341815,91.18453326287957
180,8,4.0,Undevelopable,155.0,25.153141091445924,48.52388499290831,23.22010027105485,77066.89424923246,8803.59938201636,0.0,0.0
181,8,1.0,Developable,43.0,0.0,0.0,16.999635202942574,0.0,0.0,0.0,0.0
181,8,1.0,Redevelopable,14.0,91.76840766295398,3.9871637265651376,7.264077589456173,8877.522269077508,33255.70928897699,1.6223450720238726,5.6417325174323
181,8,1.0,Remain,176.0,953.997582518795,200.63001776959456,45.606340585335595,197015.0507464422,484251.17328976904,18.45719343071528,27.149147154620298
181,8,1.0,Undevelopable,16.0,29.912874616927756,0.0,13.839122477501032,0.0,19221.231860565782,0.0,0.0
181,8,3.0,Developable,4.0,0.0,0.0,0.6944415809538,0.0,0.0,0.0,0.0
181,8,3.0,Remain,6.0,5.456286247661801,0.07742291110602,0.43907970352228304,115.15099636687,3453.8291947683,0.00836703438442,0.43071266913786305
181,8,3.0,Undevelopable,3.0,0.0296959630862,0.0,0.0042541120857299995,0.0,11.1062901943,0.0,0.0
182,8,1.0,Developable,50.0,0.0,0.0,34.25036008159542,0.0,0.0,0.0,0.0
182,8,1.0,Redevelopable,9.0,0.0,8.997500155322527,2.732606215483023,11688.758823588976,0.0,2.732606215483023,0.0
182,8,1.0,Remain,175.0,237.0262918717229,129.27386355355168,48.14728612521455,185024.284651916,146836.30300460022,34.06837312533217,14.078912999882363
182,8,1.0,Undevelopable,48.0,52.9852553531,0.0,14.553626836887961,0.0,33539.6666385,0.0,0.0
183,8,1.0,Developable,25.0,0.0,0.0,26.77913319424042,0.0,0.0,0.0,0.0
183,8,1.0,Redevelopable,3.0,27.992255412279995,0.0,3.5387948959460003,0.0,10469.10352418,0.0,3.5387948959460003
183,8,1.0,Remain,49.0,276.7216994434802,67.4402444222106,30.328798103122917,118909.17443212202,107447.78170179045,11.692609200887508,18.63618890223541
183,8,1.0,Undevelopable,14.0,6.99804874068,0.0,3.248172715771,0.0,2449.31705924,0.0,0.0
184,8,1.0,Developable,50.0,0.0,0.0,52.86911468983864,0.0,0.0,0.0,0.0
184,8,1.0,Redevelopable,3.0,11.741907036491,0.0,16.236787811406,0.0,11448.359360583,0.0,16.236787811406
184,8,1.0,Undevelopable,3.0,0.0,0.0,1.0961455273368,0.0,0.0,0.0,0.0
185,8,1.0,Developable,50.0,0.0,0.0,28.927423344587773,0.0,0.0,0.0,0.0
185,8,1.0,Redevelopable,6.0,18.6856814387169,3.166951223932,5.42408892153948,3522.165107134,11828.03635069761,1.530891666047,3.8931972554924803
185,8,1.0,Remain,302.0,379.9501892860899,253.1188103836773,87.43614670573969,383945.4072506794,247536.8161785062,68.2203351736644,19.215811532075307
185,8,1.0,Undevelopable,2.0,0.21078043163,0.0,11.56183559186,0.0,73.7731510705,0.0,0.0
186,8,1.0,Developable,5.0,0.0,0.0,0.26308934732326,0.0,0.0,0.0,0.0
186,8,1.0,Redevelopable,3.0,0.0,2.537297178443,1.047079361843,2640.6585004460003,0.0,1.047079361843,0.0
186,8,1.0,Remain,97.0,7.99784351411,62.005729115793386,21.09325436958286,88786.7832767005,2991.19347428,20.690837884544855,0.402416485038
186,8,1.0,Undevelopable,1.0,0.0,0.482677059782,0.698855001233,1817.27913008,0.0,0.0,0.0
187,8,1.0,Developable,51.0,0.0,0.0,17.465675420059952,0.0,0.0,0.0,0.0
187,8,1.0,Redevelopable,4.0,5.99833220023,2.999166578799,2.255491128082,6598.16652678,3796.94428274,1.361071358413,0.894419769669
187,8,1.0,Remain,100.0,692.5850458138442,67.17131392849623,56.82341073330623,88460.99704645836,320852.34186870564,14.589165880062799,42.23424485324342
187,8,1.0,Undevelopable,40.0,232.1270435272203,0.0,62.873687848512574,0.0,101571.8645782426,0.0,0.0
188,8,1.0,Developable,191.0,0.0,0.0,318.6625058639714,0.0,0.0,0.0,0.0
188,8,1.0,Redevelopable,7.0,0.0,3.831041864749544,1.84611691359223,3975.6890672017967,0.0,1.84611691359223,0.0
188,8,1.0,Remain,168.0,12.217069655963188,142.65172603235578,96.78863114224788,215941.12458693003,11105.42209864185,90.39845839898024,6.390172743267631
188,8,1.0,Undevelopable,51.0,18.504481291234,0.03160404841,106.10154733136287,41.3380953203,6996.388692707,0.0,0.0
189,8,1.0,Developable,25.0,0.0,0.0,10.835939350599496,0.0,0.0,0.0,0.0
189,8,1.0,Redevelopable,2.0,0.0,1.999443395774,1.408600033823,2364.341673291,0.0,1.408600033823,0.0
189,8,1.0,Remain,122.0,94.96115831247002,106.07259163133098,48.62505140921686,174085.18453527117,62552.55946846001,41.819380361761866,6.805671047455
189,8,1.0,Undevelopable,6.0,3.91918115857,0.0,3.8955731877789,0.0,1371.7134055,0.0,0.0
190,8,2.0,Developable,12.0,0.0,0.0,4.686203037532999,0.0,0.0,0.0,0.0
190,8,2.0,Redevelopable,4.0,26.81555677681,0.0,1.461712137056,0.0,13348.250058540001,0.0,1.461712137056
190,8,2.0,Remain,29.0,170.50927121290002,40.9186668074827,10.8114935624308,20638.114689098697,96591.38152993299,2.3539972224101002,8.457496340020699
190,8,2.0,Undevelopable,2.0,0.0,0.0,0.01472889244008,0.0,0.0,0.0,0.0
191,8,2.0,Developable,15.0,0.0,0.0,6.9233549845455205,0.0,0.0,0.0,0.0
191,8,2.0,Redevelopable,3.0,14.49044226338,0.829616986908,0.964185909826,1097.58327368,9172.44995269,0.427458948094,0.5367269617320001
191,8,2.0,Remain,283.0,2956.691958074128,604.0617231693442,86.11955135572644,434711.27063074085,2097157.6455064313,46.95645311528413,39.163098240442274
191,8,2.0,Undevelopable,12.0,1.69673199528,26.7173100732,32.495563062409,19283.8323214,1074.03135301,0.0,0.0
192,8,2.0,Developable,54.0,0.0,0.0,26.59436077683062,0.0,0.0,0.0,0.0
192,8,2.0,Redevelopable,19.0,171.998664692708,5.674979338529,12.803485737477999,11594.21141497,73880.41572618102,2.341026418462,10.462459319015998
192,8,2.0,Remain,731.0,1723.49380870221,840.615963805085,172.79280806785596,1297757.5002191898,752651.6137456241,117.28714028174751,55.50566778610838
192,8,2.0,Undevelopable,25.0,479.654482452784,0.0,90.74727930131253,0.0,169294.0509469769,0.0,0.0
193,8,4.0,Developable,148.0,0.0,0.0,314.7589491610533,0.0,0.0,0.0,0.0
193,8,4.0,Remain,24.0,61.18802203450801,0.0,81.66993860453812,0.0,293009.04151566204,0.0,81.66993860453812
193,8,4.0,Undevelopable,1.0,0.0,0.0,2.47563686411,0.0,0.0,0.0,0.0
194,2,1.0,Developable,34.0,0.0,0.0,6.552070645099628,0.0,0.0,0.0,0.0
194,2,1.0,Redevelopable,5.0,21.089073021639997,0.0,2.744669680119,0.0,9629.362127078,0.0,2.744669680119
194,2,1.0,Remain,3.0,34.72135339011,0.0,9.442700354423,0.0,33853.31955531,0.0,9.442700354423
195,8,3.0,Developable,97.0,0.0,0.0,34.90183803225859,0.0,0.0,0.0,0.0
195,8,3.0,Remain,100.0,184.121292748134,79.37922753846787,10.446517536974707,126450.97347817458,106255.831898468,3.6899659916912055,6.7565515452835
195,8,3.0,Undevelopable,16.0,6.99755303763,0.0,19.776125586409208,0.0,2617.08483607,0.0,0.0
196,8,3.0,Developable,55.0,0.0,0.0,64.10527740140321,0.0,0.0,0.0,0.0
196,8,3.0,Remain,90.0,14.92700989894,108.92642988963647,19.158243967248147,133100.63106595704,13762.105845130001,14.98372781274315,4.174516154505
196,8,3.0,Undevelopable,28.0,60.9722619815,8.213619461658,10.37176031174622,10133.32501029,38595.4418343,0.0,0.0
197,8,3.0,Developable,194.0,0.0,0.0,198.62768766307246,0.0,0.0,0.0,0.0
197,8,3.0,Redevelopable,13.0,0.0,14.148956336734999,16.682957741427,21741.980477781002,0.0,16.682957741427,0.0
197,8,3.0,Remain,142.0,410.537547893289,334.13897940764264,164.11373011551015,275701.2287583366,257620.9515855289,39.558666832851095,124.55506328265899
197,8,3.0,Undevelopable,50.0,101.9944505852687,6.987817514196001,47.15884068860755,8111.668100708,37926.5795017458,0.0,0.0
198,8,3.0,Developable,32.0,0.0,0.0,16.81966026334419,0.0,0.0,0.0,0.0
198,8,3.0,Remain,52.0,15.762355115035998,37.54153665227882,19.107807402833036,49283.04409069758,7133.885316494,13.949298831354735,5.1585085714783
198,8,3.0,Undevelopable,13.0,3.9985623180710004,1.917331133131,2.3722404544755005,4397.81706307,2531.089947336,0.0,0.0
199,6,2.0,Developable,2.0,0.0,0.0,2.73191989672,0.0,0.0,0.0,0.0
199,6,2.0,Remain,159.0,0.0,141.84501764523986,37.91595329301242,430132.08156095824,0.0,37.91595329301242,0.0
199,6,2.0,Undevelopable,2.0,0.0,0.0,6.440470493021215,0.0,0.0,0.0,0.0
200,6,2.0,Developable,22.0,0.0,0.0,35.863336631512,0.0,0.0,0.0,0.0
200,6,2.0,Remain,1.0,23.065402828,0.0,35.9406258022,0.0,22488.7677573,0.0,35.9406258022
200,6,2.0,Undevelopable,10.0,0.728229129113,0.0,17.794774290452096,0.0,710.023400885,0.0,0.0
201,8,2.0,Developable,8.0,0.0,0.0,6.2240689852129,0.0,0.0,0.0,0.0
201,8,2.0,Remain,2.0,0.0,1.688072884695,0.289510790741,4798.74209145,0.0,0.289510790741,0.0
201,8,2.0,Undevelopable,20.0,0.0,0.520627884207,27.558735857538075,1508.78129891,0.0,0.0,0.0
202,6,2.0,Developable,51.0,0.0,0.0,67.65397559421712,0.0,0.0,0.0,0.0
202,6,2.0,Redevelopable,1.0,0.0,0.206699910917,0.314268080092,200.292213679,0.0,0.314268080092,0.0
202,6,2.0,Remain,7.0,155.95540068301,0.0227640917639,8.9766001097334,80.5848848443,61933.39787985,0.0653836797704,8.911216429963
202,6,2.0,Undevelopable,17.0,10.0002037891,0.0,14.6217591021844,0.0,3500.07132617,0.0,0.0
203,8,2.0,Developable,72.0,0.0,0.0,86.96755080533167,0.0,0.0,0.0,0.0
203,8,2.0,Redevelopable,1.0,0.0,1.00002032175,0.450179219008,1366.02775952,0.0,0.450179219008,0.0
203,8,2.0,Remain,343.0,5906.192555894108,557.6699697104663,249.5820858311221,743550.2159987334,2709877.5303890496,69.40725053916167,180.17483529196048
203,8,2.0,Undevelopable,24.0,7.17579628868,0.0,83.33520822735248,0.0,2511.52870104,0.0,0.0
204,4,2.0,Developable,37.0,0.0,0.0,30.414712920490626,0.0,0.0,0.0,0.0
204,4,2.0,Redevelopable,3.0,7.8509881366959995,0.0,1.8122388502899,0.0,7654.713433269,0.0,1.8122388502899
204,4,2.0,Remain,41.0,239.67363374821795,27.1221543456267,19.658129044576267,61451.201693526295,190417.4308027115,5.625036000796159,14.0330930437801
204,4,2.0,Undevelopable,14.0,1.96532111976,0.0,14.5059695601195,0.0,1244.04826881,0.0,0.0
204,8,2.0,Developable,38.0,0.0,0.0,22.510576746190637,0.0,0.0,0.0,0.0
204,8,2.0,Redevelopable,2.0,0.749816185505,1.00002599418,1.456990156169,2728.07091212,731.070780867,1.0004448551,0.456545301069
204,8,2.0,Remain,145.0,48.1920369604,128.99344255198733,20.92669939223166,228711.96849072797,30505.5593959,17.673289918131662,3.2534094741
204,8,2.0,Undevelopable,15.0,128.937124345117,0.0798489641301,14.361236793189988,192.276305625,81617.19971030799,0.0,0.0
205,6,2.0,Developable,22.0,0.0,0.0,9.69573633328299,0.0,0.0,0.0,0.0
205,6,2.0,Redevelopable,5.0,44.37980268408,0.0,4.814596478643001,0.0,40876.24547580999,0.0,4.814596478643001
205,6,2.0,Remain,72.0,153.05991118135603,38.50319397322452,19.062240222689102,78604.95897542319,95993.02553951599,8.920228294893601,10.142011927795501
205,6,2.0,Undevelopable,16.0,0.0,0.0,12.03204202723636,0.0,0.0,0.0,0.0
206,6,2.0,Developable,14.0,0.0,0.0,10.288222829923091,0.0,0.0,0.0,0.0
206,6,2.0,Redevelopable,8.0,0.0,7.570855872741,4.536213965275,15770.592272186,0.0,4.536213965275,0.0
206,6,2.0,Remain,138.0,81.002061691,141.87630746999474,41.87990706693916,339145.70607620495,28350.7215919,39.978229107339175,1.9016779596
206,6,2.0,Undevelopable,25.0,1.21432058437,0.0,31.01175222374603,0.0,425.012204531,0.0,0.0
207,4,2.0,Developable,19.0,0.0,0.0,10.135068747560702,0.0,0.0,0.0,0.0
207,4,2.0,Redevelopable,19.0,519.453936122467,3.172514083256921,43.02077417815132,3500.4415460101386,217192.80520319598,1.5471677937085149,41.47360638444281
207,4,2.0,Remain,65.0,294.77139267019993,169.48785373317196,41.040909908788564,38446.7734284189,213367.92402984,25.863046526215186,15.1778633825734
207,4,2.0,Undevelopable,23.0,86.8585272621,0.0,23.8746455059419,0.0,30400.484541769998,0.0,0.0
207,8,2.0,Developable,96.0,0.0,0.0,75.25133110207261,0.0,0.0,0.0,0.0
207,8,2.0,Redevelopable,33.0,290.631614063,15.615188286246003,30.898086242364094,24208.538038925995,131802.40140577298,6.457536998660101,24.440549243703998
207,8,2.0,Remain,644.0,1466.062502062538,581.2229719155564,144.06228373519906,1038014.120822933,849866.3026791493,73.82044788209362,70.2418358531055
207,8,2.0,Undevelopable,58.0,264.34259250874,56.0011684623,62.684882917750116,56949.8725962,99277.03493524,0.0,0.0
208,6,2.0,Developable,2.0,0.0,0.0,1.387561202941,0.0,0.0,0.0,0.0
208,6,2.0,Redevelopable,3.0,0.84824100864,1.477626609661,1.044526767312,4565.40554575,827.034983424,0.9168871861500001,0.127639581162
208,6,2.0,Remain,29.0,2.15618245534,75.30427435113839,10.12702901917993,42236.57613019543,1364.86349423,10.013721141949931,0.11330787723
209,8,1.0,Developable,7.0,0.0,0.0,6.27673534126665,0.0,0.0,0.0,0.0
209,8,1.0,Remain,17.0,0.0,10.34081257723526,6.5216696284825115,19633.048187544835,0.0,6.5216696284825115,0.0
209,8,1.0,Undevelopable,10.0,0.0,0.0,2.6058213577943206,0.0,0.0,0.0,0.0
210,8,1.0,Developable,3.0,0.0,0.0,1.9973864288871002,0.0,0.0,0.0,0.0
210,8,1.0,Remain,7.0,0.0,1.73756937769168,0.9983835284721,2221.0362802480504,0.0,0.9983835284721,0.0
210,8,1.0,Undevelopable,2.0,0.0,0.220240005524,0.7312941615549999,288.073927225,0.0,0.0,0.0
211,8,1.0,Developable,3.0,0.0,0.0,0.05791616934191,0.0,0.0,0.0,0.0
211,8,1.0,Remain,9.0,0.0,0.3739278953172,0.08409078031873,433.9039165801,0.0,0.08409078031873,0.0
211,8,1.0,Undevelopable,15.0,0.0,0.279539737004,6.85786662966994,365.637976002,0.0,0.0,0.0
212,8,1.0,Developable,47.0,0.0,0.0,25.910857688754906,0.0,0.0,0.0,0.0
212,8,1.0,Redevelopable,6.0,0.0,3.9987935854520003,2.08075324230121,4258.7153369,0.0,2.08075324230121,0.0
212,8,1.0,Remain,322.0,68.7186367648443,269.87856296971563,114.9124842409299,410878.08379585674,57887.03444931724,91.44360492138634,23.468879319543564
212,8,1.0,Undevelopable,32.0,0.0,0.9996972867549123,4.945509676958807,2199.334030856807,0.0,0.0,0.0
213,8,1.0,Developable,33.0,0.0,0.0,43.09592945541525,0.0,0.0,0.0,0.0
213,8,1.0,Remain,84.0,0.0,69.93491782631098,4.874898203540497,118663.79780060603,0.0,4.874898203540497,0.0
213,8,1.0,Undevelopable,16.0,0.0,0.0,9.275077689335763,0.0,0.0,0.0,0.0
214,8,2.0,Developable,86.0,0.0,0.0,30.94182573361711,0.0,0.0,0.0,0.0
214,8,2.0,Redevelopable,51.0,447.09550329980993,25.6146803654663,38.911184926313,37420.542461234996,200992.73296874005,15.073441171509,23.837743754804
214,8,2.0,Remain,585.0,2854.5116408097037,509.9658407770342,172.51482129954815,861397.5888055607,1506216.3448959365,75.16115615033381,97.35366514921412
214,8,2.0,Undevelopable,25.0,129.16861326775,1.496151573784,25.747134080004912,2304.08360748,62465.86026466,0.0,0.0
215,6,2.0,Developable,22.0,0.0,0.0,21.73231117289113,0.0,0.0,0.0,0.0
215,6,2.0,Remain,20.0,1011.2830580826399,478.3599310763326,52.3107488052891,492006.762842822,620199.71641576,18.297392683880098,34.013356121409
215,6,2.0,Undevelopable,12.0,42.1126212102,0.0,14.309574082743403,0.0,26657.2892261,0.0,0.0
216,7,2.0,Developable,41.0,0.0,0.0,11.762538660945179,0.0,0.0,0.0,0.0
216,7,2.0,Redevelopable,8.0,411.42776992099994,3.993400290922,19.461424326341003,4842.04359338,157499.89033929,0.594484578665,18.866939747676003
216,7,2.0,Remain,188.0,2232.286429056692,196.83336232480784,52.689279204073664,258457.64510217763,952454.6113656901,27.19554591408521,25.49373328998843
216,7,2.0,Undevelopable,2.0,0.0,224.994797828,1.8944558798106002,473721.046955,0.0,0.0,0.0
216,10,2.0,Developable,71.0,0.0,0.0,26.64749121150845,0.0,0.0,0.0,0.0
216,10,2.0,Redevelopable,19.0,1070.0612166242001,12.010718747895169,52.62635153630764,18777.150552850002,403142.81492708006,1.88904785586963,50.73730368043801
216,10,2.0,Remain,454.0,3998.8559199065558,812.366956597563,131.33607302728146,885090.9099640821,1665378.8533191811,79.25717935601607,52.07889367126545
216,10,2.0,Undevelopable,14.0,0.0,224.994797828,6.506817472069496,473721.046955,0.0,0.0,0.0
217,6,2.0,Developable,30.0,0.0,0.0,4.936813530443054,0.0,0.0,0.0,0.0
217,6,2.0,Redevelopable,12.0,0.709405653979,6.947025161908,1.4739376622743,7825.430407416001,449.053778969,1.3191872464883,0.154750415786
217,6,2.0,Remain,49.0,766.1736126168745,27.2160868054309,24.671330044020888,32985.124452577606,474784.160247985,4.426714497405982,20.244615546614902
217,6,2.0,Undevelopable,16.0,63.59205085366,0.0,4.93606459902311,0.0,22257.21779878,0.0,0.0
218,6,2.0,Developable,14.0,0.0,0.0,10.273250839207602,0.0,0.0,0.0,0.0
218,6,2.0,Redevelopable,7.0,0.0,6.6807794576749,3.1481468489255,10869.8212502832,0.0,3.1481468489255,0.0
218,6,2.0,Remain,34.0,2077.3798410714003,11.447580458568181,45.52231754064731,15586.741324481549,1494183.2276348001,4.137049510389305,41.385268030258
218,6,2.0,Undevelopable,43.0,0.0,0.0,18.431952845662003,0.0,0.0,0.0,0.0
219,8,2.0,Developable,122.0,0.0,0.0,173.52332711291237,0.0,0.0,0.0,0.0
219,8,2.0,Redevelopable,14.0,302.58086617831,16.245437012874,18.658808465173,18488.22188169,120051.90202389,5.97167425667,12.687134208503
219,8,2.0,Remain,643.0,2713.7541602784154,792.5584129085925,192.65982166654084,1372707.6110021821,1143632.8986663858,75.10128029571574,117.5585413708252
219,8,2.0,Undevelopable,38.0,80.80566854304,16.876276366446,62.8916197635652,29108.86578521,58890.440286796,0.0,0.0
220,6,2.0,Remain,27.0,0.0,12.489516429336058,2.7350023575401403,17436.12795465986,0.0,2.7350023575401403,0.0
221,4,2.0,Developable,40.0,0.0,0.0,5.152411153235713,0.0,0.0,0.0,0.0
221,4,2.0,Redevelopable,49.0,7.99975591533,41.0527495598049,9.556674207305743,43923.48184552199,3317.8986479059995,8.571616264511741,0.9850579427939999
221,4,2.0,Remain,150.0,1083.90838965346,59.27663337456001,38.68119921243088,79994.23855400404,747707.7084340005,11.489471487621902,27.191727724809006
221,4,2.0,Undevelopable,8.0,221.803269931,0.0,14.48799979004096,0.0,104798.2132814,0.0,0.0
221,8,2.0,Developable,81.0,0.0,0.0,45.98470414463785,0.0,0.0,0.0,0.0
221,8,2.0,Redevelopable,52.0,698.4532138069201,33.584753406168495,65.0893588285698,46996.73524729801,350451.53576545406,8.9084336970924,56.1809251314774
221,8,2.0,Remain,777.0,3613.498044178316,1548.604659906844,225.23004596713636,1430906.1953964143,2129287.4261986823,103.29037443521055,121.93967153192581
221,8,2.0,Undevelopable,33.0,14.443470004585,11.794630448081001,32.55175685294628,14979.38003705,5305.986601878,0.0,0.0
222,8,1.0,Developable,8.0,0.0,0.0,12.760252608209603,0.0,0.0,0.0,0.0
222,8,1.0,Redevelopable,2.0,5.9992778445240145,0.0,2.702028025957996,0.0,2243.729913856142,0.0,2.702028025957996
222,8,1.0,Remain,11.0,266.16891206636,0.0,15.621789198820998,0.0,117157.02902906,0.0,15.621789198820998
222,8,1.0,Undevelopable,11.0,0.0,0.0,6.111899611754175,0.0,0.0,0.0,0.0
223,2,1.0,Developable,58.0,0.0,0.0,33.147583385463726,0.0,0.0,0.0,0.0
223,2,1.0,Redevelopable,9.0,26.051028991956997,3.999483132064,5.4575619975017,6689.13447804,24977.482446745504,1.3892843838950002,4.0682776136067
223,2,1.0,Remain,334.0,388.6710844289464,296.7333788217244,72.60531933482453,371485.45783710206,206880.1069913783,61.06086491182457,11.54445442300001
223,2,1.0,Undevelopable,9.0,15.1394924735,0.0,4.2719925894011,0.0,5298.82236571,0.0,0.0
