county_id,area_id,class_id,ClassDescription,ClassOrder,dev_category,parcel_id,acres,acres_undevelopable,acres_remain,acres_redevelopable,acres_developable,SFcom_undevelopable,SFres_undevelopable,SFcom_remain,SFres_remain,SFcom_redeveloped_orig,SFres_redeveloped_orig,SFcom_redeveloped_new,SFres_redeveloped_new,SFcom_developed,SFres_developed,job_spaces_undevelopable,job_spaces_remain,job_spaces_redeveloped_orig,job_spaces_redeveloped_new,job_spaces_developed,resunits_undevelopable,resunits_remain,resunits_redeveloped_orig,resunits_redeveloped_new,resunits_developed
1.0,7,8,NONTOD|City Center,9,4,57.0,24.793288861684623,1.699448862489,12.43757428072584,9.856027292178,0.8002384262917801,0.0,42453.4138596,117140.3302052988,1945.141109972,25204.91723003,0.0,132050.0,245235.0,10721.0,19910.0,0.0,299.6953788112124,62.05641776681,220.0,17.0,27.6591094155,1.437227420569,0.0,204.0,16.0
1.0,8,8,NONTOD|City Center,9,4,136.0,32.23165791631059,5.57684898805225,18.379735059334774,5.720722984414873,2.55435088450869,11258.63244066,0.0,211652.78743595388,85654.7015413265,48553.68620151017,3160.41033714,76645.0,142340.0,34223.0,63557.0,25.94878217559,388.70351907397855,103.26682082041486,127.0,57.0,0.0,120.8246058204115,3.639046313075,118.0,52.0
1.0,9,8,NONTOD|City Center,9,4,282.0,70.60568119245681,9.3585445074942,43.82752986701765,6.7494765537661845,10.670130264178782,69348.456545428,0.0,1343721.7583979575,166795.1628592699,62228.15900363864,32803.50974988,90429.0,167939.0,142957.0,265491.0,196.97289241194,2322.7998148353386,102.98538318279763,150.0,238.0,0.0,143.98026667863192,12.998219381118998,139.0,221.0
1.0,12,8,NONTOD|City Center,9,4,79.0,102.77483454775259,1.2125150903523303,76.76371626516311,14.250215057673,10.548388134564153,52473.5926091,0.0,850363.4885674764,21065.4027109327,133123.313635,1281.80499737,190923.0,354571.0,141326.0,262462.0,53.8190693427,2179.1931546117958,355.944688864,318.0,235.0,0.0,8.087687350948078,0.999847891865,295.0,218.0
1.0,13,2,CRT|NA,10,4,125.0,123.8026936536816,6.8822016891929,13.824786313585818,22.23029170414786,80.86541394675503,0.0,0.0,3145.438857261,155846.1526390188,290578.166165,4993.0030125997,240672.0,561568.0,875474.0,2042772.0,0.0,4.969097720789,298.028888374,401.0,1459.0,0.0,124.6101404443986,4.2546289876897,467.0,1702.0
1.0,14,0,CRT|City Center,7,4,85.0,69.87091074486776,6.48467751101965,10.226315217345446,1.17345621095835,51.98646180554431,0.0,0.0,49114.22831407,110029.62198268948,4845.2227526375,6431.421373437101,36001.0,54001.0,1594917.0,2392375.0,0.0,90.846472757754,6.864229635571999,60.0,2658.0,0.0,101.6822170639807,3.8304723383978,45.0,1993.0
1.0,14,8,NONTOD|City Center,9,4,689.0,218.7996212894748,43.27977732013081,138.40520337117675,7.428931303168265,29.68570929499898,744832.1858227666,6848.843586635,1098497.330023851,687749.8494472755,35139.425631308164,13985.699028545778,99532.0,184845.0,397727.0,738635.0,1294.577926231653,2005.87451810392,57.9180438676216,165.0,662.0,5.264471170254,670.6939843123637,7.3202116610379315,154.0,615.0
1.0,15,0,CRT|City Center,7,4,19.0,14.129920914651969,0.052877046575848,0.5382271967155701,6.8156031999065,6.7232134714540495,0.0,0.0,0.0,10050.579272728,81974.10215304,0.0,209099.0,313648.0,206264.0,309395.0,0.0,0.0,84.076002208267,348.0,343.0,0.0,7.899485677557601,0.0,261.0,257.0
1.0,15,8,NONTOD|City Center,9,4,457.0,286.91387032724595,20.262984420840542,157.4920066913952,18.988743571987143,90.17013564302304,0.0,0.0,1648567.5723546022,724216.4615651545,79479.67673137508,0.0,254409.0,472473.0,1208093.0,2243601.0,0.0,2087.6575173742726,123.32138177715936,424.0,2013.0,0.0,569.347271034264,0.0,393.0,1869.0
1.0,16,10,NONTOD|Urban Center,6,3,263.0,166.76533090836472,34.92351007643288,51.28317285204523,0.0,80.5586479798866,22483.55161517281,0.0,821265.8031853,642494.8642649521,0.0,0.0,0.0,0.0,2785495.0,3404493.0,39.72282991347072,1472.2889633973896,0.0,0.0,5570.0,0.0,736.2070565428165,0.0,0.0,2837.0
1.0,17,8,NONTOD|City Center,9,4,144.0,38.15140394459308,1.2267931557842842,26.4937395951885,8.150527292033,2.280343901587286,21743.1456836,0.0,215083.25985338492,90381.19575734792,27433.22745543,1799.4576774,109200.0,202800.0,30551.0,56737.0,62.1232733818,339.972550358514,60.07857468029,182.0,50.0,0.0,80.70901255701901,0.999698709665,169.0,47.0
1.0,18,8,NONTOD|City Center,9,2,6.0,0.6970245243817,0.6654824803578,0.0,0.0,0.0315420440239,0.134065183138,0.0,0.0,0.0,0.0,0.0,0.0,0.0,422.0,783.0,0.000383043380395,0.0,0.0,0.0,0.0,0.0,0.0,0.0,0.0,0.0
1.0,19,8,NONTOD|City Center,9,2,6.0,0.3523814443272699,0.0,0.12009937766637,0.0,0.2322820666608999,0.0,0.0,0.0,324.42536656302,0.0,0.0,0.0,0.0,3112.0,5779.0,0.0,0.0,0.0,0.0,5.0,0.0,0.14790514177885,0.0,0.0,4.0
1.0,36,0,CRT|City Center,7,2,2.0,0.9355064538510001,0.686538853869,0.0,0.0,0.248967599982,0.0,0.0,0.0,0.0,0.0,0.0,0.0,0.0,7638.0,11457.0,0.0,0.0,0.0,0.0,12.0,0.0,0.0,0.0,0.0,9.0
1.0,36,8,NONTOD|City Center,9,4,73.0,100.55874398519207,2.703243782674821,11.767486044348258,13.476507931205145,72.61150622696384,0.0,0.0,35573.265905520995,2958.964739190769,1659.653285287634,1309.6493749,180557.0,335320.0,972844.0,1806710.0,0.0,67.49946595636099,4.40354685372591,300.0,1621.0,0.0,2.0578942219051632,0.601860925967,279.0,1505.0
1.0,37,2,CRT|NA,10,3,40.0,55.97008768265158,42.94484121776228,0.0908186673878,0.0,12.9344277975015,143484.712374,0.0,655.187518806,0.0,0.0,0.0,0.0,0.0,140032.0,326741.0,226.674111175,1.87196433944,0.0,0.0,233.0,0.0,0.0,0.0,0.0,272.0
1.0,38,3,CRT|Urban Center,4,3,44.0,88.64942201861021,37.4006675167092,34.3568600998664,0.0,16.89189440203462,0.0,0.0,111116.517913516,0.0,0.0,0.0,0.0,0.0,990753.0,990753.0,0.0,296.728216313052,0.0,0.0,1981.0,0.0,0.0,0.0,0.0,990.0
1.0,38,10,NONTOD|Urban Center,6,4,512.0,701.4254220319782,217.48708331163263,91.63159148056752,0.0172040467009,392.2895431930772,228201.78173242928,6947.3411620877005,618315.5951728746,307939.8352012162,0.0,30.4037482839,594.0,726.0,13564288.0,16578574.0,628.8691155881254,1515.191314335333,0.0,1.0,27128.0,2.6467834236173,124.4489158738436,0.0212911402548,0.0,13815.0
1.0,48,10,NONTOD|Urban Center,6,3,83.0,36.184680149577666,4.311815431836083,25.144992973105683,0.0,6.7278717446359,3.973051554739,0.0,9767.90411348,105723.02946276526,0.0,0.0,0.0,0.0,232631.0,284326.0,0.00627654274051,27.9082974671,0.0,0.0,465.0,0.0,48.35533336650499,0.0,0.0,236.0
1.0,50,8,NONTOD|City Center,9,3,9.0,1.7070903922178111,0.04349237012919,1.662617218321402,0.0,0.000980803767219,0.0,0.0,7298.3217999479,113.118836759,0.0,0.0,0.0,0.0,13.0,24.0,0.0,19.03556277811609,0.0,0.0,0.0,0.0,0.200344831196,0.0,0.0,0.0
1.0,51,8,NONTOD|City Center,9,4,384.0,127.49552431361306,7.55651013371472,115.72541480448722,0.4678709894691,3.745728385942026,0.0,0.0,1296224.2715162835,369360.6962870065,2585.9895723583,0.0,6268.0,11640.0,50185.0,93200.0,0.0,2209.763641583907,4.0549833652657,10.0,83.0,0.0,393.72180814396586,0.0,9.0,77.0
1.0,52,2,CRT|NA,10,4,95.0,21.20109414289344,2.57520449770738,13.59274422764782,1.1139491684720702,3.91919624906617,0.0,0.0,26954.9461193,49813.29208475867,1193.57443868,3366.1353187931004,12059.0,28137.0,42430.0,99003.0,0.0,42.582853269,3.1913755045,20.0,70.0,0.0,46.10080978411381,3.7128583007735,23.0,82.0
1.0,53,3,CRT|Urban Center,4,4,352.0,143.1604314397931,25.886609702908554,42.60938799743364,10.575562879125023,64.08887086032586,13824.134037552,0.0,304959.94496656803,431654.1384131729,28459.95456978796,7004.858268916677,620284.0,620284.0,3758978.0,3758978.0,29.043057441,502.2149780863412,64.90615789542302,1240.0,7517.0,0.0,536.4788269732992,4.079223255044718,620.0,3758.0
1.0,53,10,NONTOD|Urban Center,6,4,453.0,187.40457598592639,72.27352110652478,78.27563803345042,18.83922423984211,18.01619260610906,94402.777513296,0.0,334408.145777489,439836.5307648544,85406.34920684346,15052.756208706633,651408.0,796165.0,622950.0,761383.0,247.79830703331496,581.8585635208591,125.53015827065092,1302.0,1245.0,0.0,487.1331528149613,8.873541325780478,663.0,634.0
1.0,54,8,NONTOD|City Center,9,4,127.0,52.82257902665968,1.4798797390947,36.31002573226313,3.0345868468476134,11.998086708454244,143.490348203,1085.75677362,149805.42684337293,171153.72762840425,9656.45209451794,2249.42274733,40657.0,75505.0,160749.0,298533.0,0.409972423438,353.7396867905092,24.62561672862533,67.0,267.0,0.820677833423,209.73698876978904,0.999743443259,62.0,248.0
1.0,55,10,NONTOD|Urban Center,6,4,2128.0,1111.0350768171415,224.59779947961547,696.1079769174897,45.43610159769691,144.89319882233937,1091692.51484728,978.566585867,5443397.682193784,3172934.66845788,203923.64460459148,17367.079890522607,1571054.0,1920177.0,5010006.0,6123340.0,2865.597015273917,11552.492925451565,491.2599128684333,3142.0,10020.0,0.999733147408,3436.669663121093,15.287354029516806,1600.0,5102.0
1.0,92,8,NONTOD|City Center,9,4,52.0,16.96036346605944,0.7162764426875,12.581407883594222,2.572391131666947,1.090288008110768,0.0,0.0,351526.6467052009,9180.9211492434,19123.28878142841,460.040465915,34464.0,64004.0,14607.0,27127.0,0.0,691.4367923719872,40.05290960859697,57.0,24.0,0.0,7.405665419129999,0.230020232958,53.0,22.0
1.0,93,8,NONTOD|City Center,9,4,530.0,204.21375025361863,44.89874846940853,71.97654451037293,14.58192902596033,72.75652824787683,45117.33575627,2699.71084302,383227.4002583907,562388.9801921058,79076.52400449042,12952.497471463312,195367.0,362824.0,974787.0,1810318.0,121.35319314069,628.7225211307169,143.1076672459716,325.0,1624.0,1.99978580965,492.2197124775572,10.688065913621248,302.0,1508.0
1.0,129,8,NONTOD|City Center,9,1,10.0,1.94277518937862,1.94277518937862,0.0,0.0,0.0,980.51681122732,0.0,0.0,0.0,0.0,0.0,0.0,0.0,0.0,0.0,1.89038793493673,0.0,0.0,0.0,0.0,0.0,0.0,0.0,0.0,0.0
1.0,181,8,NONTOD|City Center,9,4,249.0,83.70917585523539,13.839122477501032,45.6063405853356,7.264077589456173,16.999635202942574,19221.231860565786,0.0,484251.173289769,197015.0507464422,33255.70928897699,8877.522269077508,97323.0,180742.0,227760.0,422982.0,29.91287461692776,953.997582518795,91.76840766295398,162.0,379.0,0.0,200.63001776959456,3.9871637265651376,150.0,352.0
1.0,182,8,NONTOD|City Center,9,4,282.0,99.68387925918094,14.55362683688796,48.14728612521455,2.732606215483023,34.25036008159542,33539.6666385,0.0,146836.30300460022,185024.284651916,0.0,11688.758823588976,36611.0,67991.0,458884.0,852213.0,52.9852553531,237.0262918717229,0.0,61.0,764.0,0.0,129.27386355355168,8.997500155322527,56.0,710.0
1.0,183,8,NONTOD|City Center,9,4,91.0,63.89489890908034,3.248172715771,30.32879810312292,3.5387948959460003,26.77913319424042,2449.31705924,0.0,107447.78170179045,118909.17443212202,10469.10352418,0.0,47412.0,88050.0,358785.0,666315.0,6.99804874068,276.7216994434802,27.992255412279995,79.0,597.0,0.0,67.4402444222106,0.0,73.0,555.0
1.0,184,8,NONTOD|City Center,9,3,56.0,70.20204802858144,1.0961455273368,0.0,16.236787811406,52.86911468983864,0.0,0.0,0.0,0.0,11448.359360583,0.0,217539.0,404001.0,708336.0,1315481.0,0.0,0.0,11.741907036491,362.0,1180.0,0.0,0.0,0.0,336.0,1096.0
1.0,185,8,NONTOD|City Center,9,4,360.0,133.34949456372692,11.56183559186,87.43614670573969,5.42408892153948,28.927423344587773,73.7731510705,0.0,247536.8161785062,383945.4072506794,11828.03635069761,3522.165107134,72671.0,134960.0,387567.0,719767.0,0.21078043163,379.9501892860899,18.6856814387169,121.0,645.0,0.0,253.1188103836773,3.166951223932,112.0,599.0
1.0,186,8,NONTOD|City Center,9,4,106.0,23.102278079982117,0.698855001233,21.09325436958286,1.047079361843,0.26308934732326,0.0,1817.27913008,2991.19347428,88786.7832767005,0.0,2640.6585004460003,14028.0,26052.0,3524.0,6544.0,0.0,7.99784351411,0.0,23.0,5.0,0.482677059782,62.005729115793386,2.537297178443,21.0,5.0
1.0,187,8,NONTOD|City Center,9,4,195.0,139.41826512996076,62.873687848512574,56.82341073330623,2.255491128082,17.465675420059952,101571.8645782426,0.0,320852.34186870564,88460.99704645836,3796.94428274,6598.16652678,30218.0,56119.0,234003.0,434577.0,232.1270435272203,692.5850458138442,5.99833220023,50.0,390.0,0.0,67.17131392849623,2.999166578799,46.0,362.0
1.0,188,8,NONTOD|City Center,9,4,417.0,523.3988012511744,106.10154733136288,96.78863114224788,1.84611691359223,318.6625058639714,6996.388692707,41.3380953203,11105.42209864185,215941.12458693003,0.0,3975.6890672017967,24734.0,45934.0,4269419.0,7928921.0,18.504481291234,12.217069655963188,0.0,41.0,7115.0,0.03160404841,142.65172603235578,3.831041864749544,38.0,6607.0
1.0,189,8,NONTOD|City Center,9,4,155.0,64.76516398141825,3.8955731877789,48.62505140921686,1.408600033823,10.835939350599496,1371.7134055,0.0,62552.55946846001,174085.18453527117,0.0,2364.341673291,18872.0,35048.0,145179.0,269618.0,3.91918115857,94.96115831247002,0.0,31.0,241.0,0.0,106.07259163133098,1.999443395774,29.0,224.0
1.0,194,2,CRT|NA,10,3,42.0,18.73944067964163,0.0,9.442700354423,2.744669680119,6.552070645099628,0.0,0.0,33853.31955531,0.0,9629.362127078,0.0,29714.0,69332.0,70934.0,165512.0,0.0,34.72135339011,21.08907302164,49.0,118.0,0.0,0.0,0.0,57.0,137.0
1.0,209,8,NONTOD|City Center,9,3,34.0,15.404226327543483,2.605821357794321,6.521669628482512,0.0,6.27673534126665,0.0,0.0,0.0,19633.048187544835,0.0,0.0,0.0,0.0,84095.0,156176.0,0.0,0.0,0.0,0.0,140.0,0.0,10.34081257723526,0.0,0.0,130.0
1.0,210,8,NONTOD|City Center,9,3,12.0,3.7270641189141998,0.7312941615549999,0.9983835284721,0.0,1.9973864288871,0.0,288.073927225,0.0,2221.0362802480504,0.0,0.0,0.0,0.0,26760.0,49697.0,0.0,0.0,0.0,0.0,44.0,0.220240005524,1.73756937769168,0.0,0.0,41.0
1.0,211,8,NONTOD|City Center,9,3,27.0,6.99987357933058,6.85786662966994,0.08409078031873,0.0,0.05791616934191,0.0,365.637976002,0.0,433.9039165801,0.0,0.0,0.0,0.0,775.0,1439.0,0.0,0.0,0.0,0.0,1.0,0.279539737004,0.3739278953172,0.0,0.0,1.0
1.0,212,8,NONTOD|City Center,9,4,407.0,147.8496048489448,4.945509676958807,114.9124842409299,2.08075324230121,25.910857688754906,0.0,2199.334030856807,57887.03444931724,410878.0837958568,0.0,4258.7153369,27877.0,51771.0,347152.0,644710.0,0.0,68.7186367648443,0.0,46.0,578.0,0.9996972867549124,269.87856296971563,3.998793585452,43.0,537.0
1.0,213,8,NONTOD|City Center,9,3,133.0,57.245905348291515,9.275077689335763,4.874898203540497,0.0,43.09592945541525,0.0,0.0,0.0,118663.79780060604,0.0,0.0,0.0,0.0,577396.0,1072306.0,0.0,0.0,0.0,0.0,962.0,0.0,69.93491782631098,0.0,0.0,893.0
1.0,222,8,NONTOD|City Center,9,4,32.0,37.19596944474277,6.111899611754175,15.621789198820998,2.702028025957996,12.760252608209605,0.0,0.0,117157.02902906,0.0,2243.729913856142,0.0,36201.0,67230.0,170961.0,317499.0,0.0,266.16891206636,5.999277844524015,60.0,284.0,0.0,0.0,0.0,56.0,264.0
1.0,223,2,CRT|NA,10,4,410.0,115.48245730719105,4.2719925894011,72.60531933482453,5.4575619975017,33.147583385463726,5298.82236571,0.0,206880.1069913783,371485.45783710206,24977.482446745504,6689.13447804,59085.0,137865.0,358866.0,837354.0,15.1394924735,388.6710844289464,26.051028991957,98.0,598.0,0.0,296.7333788217244,3.999483132064,114.0,697.0
2.0,5,8,NONTOD|City Center,9,4,328.0,773.9087438897737,343.6220890955317,127.61371958866242,16.819438021434,285.8534971841456,43576.75175377,1787031.226103,1136758.5547875727,241311.41510006,2925.21591427,4227.88232123,225345.0,418497.0,3829846.0,7112571.0,51.28519065353,1509.788277532142,3.00022145053,375.0,6383.0,698.2110529813999,92.998898811335,0.930431848861,348.0,5927.0
2.0,6,10,NONTOD|Urban Center,6,4,100.0,152.34956409352125,63.57463970782401,16.3261534330255,28.99436461459,43.45440633808173,160995.32067008,0.0,808470.7775694,20.3731631613,44786.68473364,0.0,1002545.0,1225332.0,1502533.0,1836429.0,456.75211142555,1395.1015808366,125.74691399321,2005.0,3005.0,0.0,0.0078395128746,0.0,1021.0,1530.0
2.0,20,8,NONTOD|City Center,9,4,81.0,65.76409193445733,61.21040566100989,3.48299450869384,0.724661967251,0.3460297975026,3049.62328397,21697.267509375,0.0,45694.8610290552,3608.81204707,1296.09720642,9708.0,18029.0,4636.0,8609.0,8.71320938278,0.0,18.9146924002,16.0,7.0,11.00019507432,12.114738344290062,0.588065883131,15.0,7.0
2.0,21,8,NONTOD|City Center,9,4,194.0,55.63425667453104,6.206127043661297,41.48468470565959,5.802362349197,2.1410825760131496,14586.170395,0.0,577188.7937744044,215609.93585115127,78715.9671231,1456.02130346,77739.0,144372.0,28686.0,53274.0,39.0004556015,940.5734387822904,137.85636099779998,129.0,47.0,0.0,102.78401330358312,1.00001463149,120.0,44.0
2.0,22,8,NONTOD|City Center,9,4,164.0,30.98399130834519,8.57931856144915,20.97988443380169,0.270777352728,1.15401096036635,43851.86267532,5841.74936338,332977.38701167004,193510.2640251016,0.0,1343.10243762,3627.0,6735.0,15461.0,28713.0,69.91908459038001,561.9801976634999,0.0,6.0,25.0,2.195871120728,97.93388788067612,0.550903378844,5.0,23.0
2.0,23,10,NONTOD|Urban Center,6,4,142.0,277.2543312327763,192.93935168172,64.29973271817215,0.792192842498,19.22305399038614,7530.629621427899,5002.592435255,6331665.584384419,196055.634788623,748.005868059,0.0,27391.0,33477.0,664680.0,812386.0,11.9229650519688,9656.297085112985,2.00001569,54.0,1329.0,1.166507373799,40.47660067938689,0.0,27.0,676.0
2.0,24,8,NONTOD|City Center,9,4,832.0,214.29844178434504,35.39120312246964,162.7467611817644,2.76412984988,13.396347630230997,25941.496701001,0.0,2437336.3180740746,1209264.31083397,17557.20890857,1344.01871409,37033.0,68775.0,179483.0,333325.0,40.981827331794,4613.933191268979,26.00030352741,61.0,299.0,0.0,1484.8994123857806,1.00001392417,57.0,277.0
2.0,25,6,LRT|NA,11,4,113.0,28.23912568186643,4.5520990012492994,21.74374003093153,0.740501501961,1.2027851477246,0.0,0.0,0.0,312716.6733091764,0.0,1778.08765227,8016.0,18704.0,13021.0,30382.0,0.0,0.0,0.0,13.0,21.0,0.0,95.61567032955196,1.00004929824,15.0,25.0
2.0,26,4,LRT|City Center,8,4,99.0,75.6002621461326,21.597287902941424,19.32019466910688,10.6818290902462,24.00095048383809,6834.92252514,586.856494071,345516.7226795101,40588.01743453131,317721.98844374,4941.0214745446,327713.0,491569.0,736336.0,1104503.0,18.2751939175,622.95892412029,327.97552885636003,546.0,1227.0,0.236768945152,15.387802394862222,2.0194677302749,409.0,920.0
2.0,26,8,NONTOD|City Center,9,4,71.0,32.377621953620505,8.683533732580802,16.4035430410073,1.7868049968178,5.503740183214601,0.0,0.0,206274.294029959,35600.91706946519,23224.2047478554,3595.82034035,23939.0,44458.0,73738.0,136942.0,0.0,417.016803799209,44.782948337052005,39.0,122.0,0.0,16.9254167921315,1.387385412503,37.0,114.0
2.0,27,2,CRT|NA,10,3,132.0,69.21868725835262,5.569750356200052,54.72559068865196,0.0,8.92334621350061,0.0,0.0,24292.4140848,284333.67017799657,0.0,0.0,0.0,0.0,96606.0,225414.0,0.0,24.9152964972,0.0,0.0,161.0,0.0,85.26612524960832,0.0,0.0,187.0
2.0,28,6,LRT|NA,11,4,93.0,41.72175602274774,5.7748764795944,27.32950621667516,1.605973502526,7.01139982395218,4011.67804702,1891.88369367,409272.5804937492,111154.87524944068,32482.72772323,0.0,17386.0,40567.0,75907.0,177116.0,10.7264118904,834.5326535212594,48.04666274014,28.0,126.0,0.763285932808,42.51041239134072,0.0,33.0,147.0
2.0,29,8,NONTOD|City Center,9,3,104.0,152.04177092051535,28.07389099123075,14.27794795574311,0.0,109.68993197354148,0.0,0.0,7744.41414032,6930.0558327006,0.0,0.0,0.0,0.0,1469618.0,2729290.0,0.0,22.1268975438,0.0,0.0,2449.0,0.0,3.0771685848671995,0.0,0.0,2274.0
2.0,31,6,LRT|NA,11,4,276.0,83.78682098562395,17.09838546721933,36.500527128952,9.760270189769004,20.427638199683607,3150.16586546,4896.8354954222,63599.644700778,424530.5762444659,26770.34179009,30305.220738149,105667.0,246556.0,221156.0,516030.0,9.00047390132,100.473372355209,42.291219257600005,176.0,368.0,2.00451940464335,196.289659355366,13.55142511786,205.0,430.0
2.0,32,10,NONTOD|Urban Center,6,4,282.0,703.4578223538907,617.2001968722773,2.726318230458701,9.14604080916e-05,83.53121579074667,8775.58087406,0.0,65496.385610169,0.0,0.471925299479,0.0,3.0,3.0,2888278.0,3530117.0,9.00059576827,80.00535178913998,0.00134835799851,0.0,5776.0,0.0,0.0,0.0,0.0,2941.0
2.0,33,10,NONTOD|Urban Center,6,3,7.0,6.4631173205072905,0.0,3.08900638455729,0.482639067634,2.891471868316,0.0,0.0,6344.0568893094,8190.3858791,5118.88758295,0.0,16688.0,20396.0,99979.0,122196.0,0.0,16.8485280267444,13.6868651951,33.0,199.0,0.0,3.00013973162,0.0,16.0,101.0
2.0,34,0,CRT|City Center,7,3,84.0,145.11164883840388,14.593956577183,13.952303447702969,0.0,116.56538881351791,0.0,0.0,99432.5437444,32801.7447989499,0.0,0.0,0.0,0.0,3576166.0,5364249.0,0.0,101.982096148,0.0,0.0,5960.0,0.0,15.9789329152544,0.0,0.0,4470.0
2.0,34,8,NONTOD|City Center,9,4,217.0,194.97892256459878,20.39793710145525,62.41436701060936,0.546559662208,111.62005879032615,79533.67037282001,0.0,567594.63748544,299964.2117574204,1861.80758412,1463.42849978,7322.0,13598.0,1495478.0,2777316.0,127.82276451776,698.2420726631001,1.90954624013,12.0,2492.0,0.0,359.98197246627745,0.477386560032,11.0,2314.0
2.0,43,8,NONTOD|City Center,9,3,24.0,1.560506114644332,0.989910935244932,0.0526854367308999,0.0,0.5179097426685,0.0,221.21690555,0.0,457.323326881,0.0,0.0,0.0,0.0,6938.0,12884.0,0.0,0.0,0.0,0.0,11.0,0.0516017974225,0.0934087385177999,0.0,0.0,10.0
2.0,44,8,NONTOD|City Center,9,2,87.0,117.60207125069766,16.360253616465503,0.0,0.0,101.24181763423216,0.0,0.0,0.0,0.0,0.0,0.0,0.0,0.0,1356431.0,2519086.0,0.0,0.0,0.0,0.0,2260.0,0.0,0.0,0.0,0.0,2099.0
2.0,45,8,NONTOD|City Center,9,3,187.0,263.96364715100094,3.4692300781953,25.720477693428045,0.0,234.77393937937757,0.0,0.0,42192.170822388405,266317.1430295792,0.0,0.0,0.0,0.0,3145486.0,5841616.0,0.0,103.76938746828202,0.0,0.0,5242.0,0.0,94.6792410589742,0.0,0.0,4868.0
2.0,46,8,NONTOD|City Center,9,4,529.0,145.23813302768792,17.659954499665673,48.17086916754668,66.58672512159104,12.82058423888454,53595.3062822248,0.0,982915.3577881828,411216.1748995905,253870.33231129005,20129.4886756058,892124.0,1656801.0,171769.0,318999.0,94.039489153123,1811.2003882743304,620.00586939677,1486.0,286.0,0.0,359.71923250797533,9.00167951584549,1380.0,265.0
2.0,47,10,NONTOD|Urban Center,6,3,65.0,56.602894962733174,13.0785261494569,39.74278211699534,0.0,3.78158669628093,127647.548041429,18526.55695,2347873.4986940008,26216.1008413455,0.0,0.0,0.0,0.0,130756.0,159812.0,265.9436077038,4380.219846218772,0.0,0.0,261.0,5.804894862191,5.628290359927849,0.0,0.0,133.0
2.0,49,8,NONTOD|City Center,9,4,255.0,84.07285401222288,21.489258780061,50.7267884787551,9.2310289082,2.6257778452067697,802.781738135,0.0,212405.64752022,270609.4205873681,85027.90115880001,1600.00008602,123676.0,229684.0,35180.0,65334.0,2.293662108953,488.9991654410901,210.99976273395,206.0,58.0,0.0,196.2638878356373,1.00000005376,191.0,54.0
2.0,62,4,LRT|City Center,8,4,92.0,100.5023124830887,19.278076196589502,24.49705636023969,6.145861983761,50.58131794249851,0.0,0.0,76327.46119849001,430009.87050035526,57768.52868934,0.0,188551.0,282826.0,1551808.0,2327711.0,0.0,120.874275882449,136.83765858528,314.0,2586.0,0.0,533.3690582608867,0.0,235.0,1939.0
2.0,62,8,NONTOD|City Center,9,4,519.0,347.65022520004476,78.23472991755233,93.68772406454408,24.05209093090543,151.6756802870429,0.0,6045.36918042,1403214.6574905897,618512.2510501628,161173.88698738802,18422.0849345045,322248.0,598460.0,2032140.0,3773974.0,0.0,2257.6152147815105,217.03754496104003,537.0,3386.0,3.98743729378,426.10414402625446,15.4846379540559,498.0,3144.0
2.0,63,6,LRT|NA,11,3,14.0,8.226479801589301,1.76675624358981,6.208354417876,0.0,0.25136914012349,0.0,0.0,0.0,150304.91628434,0.0,0.0,0.0,0.0,2721.0,6349.0,0.0,0.0,0.0,0.0,4.0,0.0,142.6372844175,0.0,0.0,5.0
2.0,64,6,LRT|NA,11,3,15.0,3.920990464487001,1.470971342375953,0.0812505433415,0.0,2.368768578769548,0.0,0.0,0.0,2370.69570646,0.0,0.0,0.0,0.0,25645.0,59838.0,0.0,0.0,0.0,0.0,42.0,0.0,1.67131891177,0.0,0.0,49.0
2.0,65,4,LRT|City Center,8,1,5.0,5.213253721712,0.0,0.0,0.0,5.213253721712,0.0,0.0,0.0,0.0,0.0,0.0,0.0,0.0,159939.0,239908.0,0.0,0.0,0.0,0.0,266.0,0.0,0.0,0.0,0.0,199.0
2.0,65,8,NONTOD|City Center,9,3,50.0,196.86519055567493,1.32466797764,0.0,0.000873025462619,195.5396495525723,0.0,0.0,0.0,0.0,0.0,2.08729730686,11.0,20.0,2619827.0,4865393.0,0.0,0.0,0.0,0.0,4366.0,0.0,0.0,0.00272137849656,0.0,4054.0
2.0,66,6,LRT|NA,11,4,305.0,78.15369294598895,10.3518369732397,35.14900093208232,23.20569293228053,9.4471621083864,5997.13027274,2645.627899763,106303.743367944,514275.97457148886,131665.41907891497,39596.213146690105,251232.0,586208.0,102277.0,238646.0,8.00017154525,148.51603628344,232.17585730101916,418.0,170.0,1.444281781304,178.73259375967643,21.438632129016803,488.0,198.0
2.0,67,6,LRT|NA,11,4,142.0,89.6258566364262,10.178573099334,48.84500672123016,18.785743820927,11.816532994935033,0.0,0.0,568300.0557130211,221460.9824053116,100505.88592945,0.0,203380.0,474553.0,127929.0,298501.0,0.0,936.556295843444,178.09963568325,338.0,213.0,0.0,122.0393988294724,0.0,395.0,248.0
2.0,68,8,NONTOD|City Center,9,4,145.0,21.82634711410037,0.9258334352979,11.431932172472088,4.19250188563547,5.276079620694909,3366.06746975,0.0,166869.12083248098,49092.87439697253,27647.9594685178,13701.5945055628,56170.0,104315.0,70688.0,131277.0,9.0001804004,273.7273833205041,45.3987163039136,93.0,117.0,0.0,47.36467417553503,10.3603118829617,86.0,109.0
2.0,69,8,NONTOD|City Center,9,4,384.0,159.0248481160357,10.437929048319754,126.9891989485198,11.36969061138239,10.228029507813767,24864.6114111,0.0,1584456.807741519,839528.3019440267,106924.55793364,11063.7097278705,152330.0,282898.0,137034.0,254491.0,39.2805867474,3307.017999918528,258.93413181807,253.0,228.0,0.0,1051.5941235879886,5.6186711291606,235.0,212.0
2.0,70,8,NONTOD|City Center,9,4,12.0,12.734234608381474,0.234188943223336,10.761386632343,1.72986098509,0.00879804772514,0.0,0.0,88098.23998376,1142.98980907,4162.428452152,0.0,23176.0,43041.0,117.0,217.0,0.0,166.9985799203,7.13626404673,38.0,0.0,0.0,0.999991084047,0.0,35.0,0.0
2.0,71,6,LRT|NA,11,4,16.0,7.260180849668754,0.92587708726151,6.104751949411145,0.0873716598995,0.1421801530965999,0.0,0.0,24268.06352590461,244205.701491,746.107391351,0.0,945.0,2205.0,1539.0,3591.0,0.0,30.25387482262911,0.765238350104,1.0,2.0,0.0,189.001030436,0.0,1.0,2.0
2.0,72,4,LRT|City Center,8,4,43.0,26.693228027379806,2.06299887148111,7.640665039937,13.536492315876998,3.4530718000846976,0.0,0.0,123960.373336916,114667.5735906,136301.55796627,0.0,415292.0,622937.0,105938.0,158906.0,0.0,171.085372950916,168.43393204009,692.0,176.0,0.0,90.9038536858,0.0,519.0,132.0
2.0,72,8,NONTOD|City Center,9,4,99.0,43.05174358915876,6.2169163210016505,14.834700338163834,5.9921902334627015,16.007936696530574,0.0,0.0,351606.234989962,124491.240795962,37724.5483256135,0.0,80282.0,149095.0,214473.0,398307.0,0.0,518.9435924165314,68.0280336884836,133.0,357.0,0.0,106.016482220797,0.0,124.0,331.0
2.0,73,8,NONTOD|City Center,9,4,1252.0,299.1780135035581,17.6112527244924,233.52718567257472,23.412704923947302,24.62687018254368,83927.58605906101,0.0,1631213.2589276782,2145366.513204443,170920.65817612995,84824.35557125564,313681.0,582550.0,329949.0,612762.0,154.89520219551898,3407.9127865979917,342.99126589792,522.0,549.0,0.0,1166.443266170019,38.04144044586889,485.0,510.0
2.0,74,8,NONTOD|City Center,9,4,271.0,74.62392971773019,2.445080866101915,49.99189374881638,7.1482205386329305,15.03873456417896,8237.8684762525,1472.33854945,886774.9382560828,226928.79183735023,71680.088278123,5975.6947447941,95771.0,177860.0,201487.0,374190.0,13.0282776104785,1828.71041698774,141.08591060109998,159.0,335.0,0.999989962636,250.23712502086727,4.0109742420608,148.0,311.0
2.0,75,6,LRT|NA,11,3,7.0,0.7716052516720009,0.174254225778152,0.0,0.594806356910524,0.002544668983325,0.0,0.0,0.0,0.0,5053.800525009681,0.0,6439.0,15024.0,27.0,63.0,0.0,0.0,5.18328156082984,10.0,0.0,0.0,0.0,0.0,12.0,0.0
2.0,76,8,NONTOD|City Center,9,4,27.0,14.42839506887908,0.0236150171323,3.14607836105748,10.6494623853867,0.6092393053026,0.0,1176.95473866,62721.81217899,6229.3262024455,109710.406750432,0.0,142680.0,264977.0,8162.0,15158.0,0.0,156.80276645256998,284.811667169466,237.0,13.0,0.327035413533,2.5527903250962303,0.0,220.0,12.0
2.0,77,8,NONTOD|City Center,9,4,137.0,78.37772279205657,3.5789661566920303,37.51074797502213,29.2379337816662,8.050074878676211,0.0,0.0,707369.2251744062,17656.191508868,150904.56795655497,2877.522104986,391727.0,727493.0,107854.0,200300.0,0.0,1083.754462792359,304.109833231465,652.0,179.0,0.0,16.97219739649,3.148885059282,606.0,166.0
2.0,79,8,NONTOD|City Center,9,4,52.0,17.305616905437464,1.487227131564,7.445527983262591,4.45255823727,3.920303553340871,0.0,0.0,9100.10337672,64269.20668595301,0.0,24478.28921123,59655.0,110787.0,52523.0,97542.0,0.0,26.0002953621,0.0,99.0,87.0,0.0,31.398535614775604,64.695166071417,92.0,81.0
2.0,80,6,LRT|NA,11,4,199.0,66.21695282870327,8.92320507187053,29.01856272071544,17.558094901154636,10.71709013496266,0.0,0.0,246801.966810472,174515.19500283705,104448.685288217,37038.25672175967,190089.0,443541.0,116026.0,270727.0,0.0,290.24424159020094,129.05524034893,316.0,193.0,0.0,77.1717648769974,23.88229593931305,369.0,225.0
2.0,81,4,LRT|City Center,8,1,5.0,0.366034555691291,0.0,0.0,0.0,0.366034555691291,0.0,0.0,0.0,0.0,0.0,0.0,0.0,0.0,11229.0,16843.0,0.0,0.0,0.0,0.0,18.0,0.0,0.0,0.0,0.0,14.0
2.0,81,8,NONTOD|City Center,9,1,6.0,0.715350875737221,0.0,0.0,0.0,0.715350875737221,0.0,0.0,0.0,0.0,0.0,0.0,0.0,0.0,9584.0,17798.0,0.0,0.0,0.0,0.0,15.0,0.0,0.0,0.0,0.0,14.0
2.0,82,3,CRT|Urban Center,4,4,138.0,149.88694467670533,36.4074953011214,51.80066658516115,31.448863029030345,30.229919761392424,63019.75172904,0.0,1718530.310498934,33427.58858715555,311783.46055998106,5597.971900222987,1844557.0,1844557.0,1773063.0,1773063.0,142.5997727917,2683.478141790133,509.75890095430304,3689.0,3546.0,0.0,17.510105640489783,3.1398201737853446,1844.0,1773.0
2.0,82,10,NONTOD|Urban Center,6,4,662.0,346.4428773965089,61.84026015003799,180.81788398360516,51.12437330341496,52.66035995945079,214080.58087566,1744.42666292,7215447.973082368,501050.9269746652,417125.115336799,65733.9155869902,1767739.0,2160569.0,1820849.0,2225482.0,476.63485346892,12252.122325402468,833.3620988694007,3535.0,3641.0,1.446797252964,605.3435196423538,48.19838007865339,1800.0,1854.0
2.0,83,2,CRT|NA,10,2,5.0,1.171620980021335,0.0,0.2418217991972,0.0,0.929799180824135,0.0,0.0,3720.985782256,0.0,0.0,0.0,0.0,0.0,10066.0,23487.0,0.0,5.87833456912,0.0,0.0,16.0,0.0,0.0,0.0,0.0,19.0
2.0,84,6,LRT|NA,11,4,197.0,83.67188743229025,8.955444552808393,19.11477957161975,21.330476117723418,34.27118719013869,0.0,0.0,134144.656720555,510374.235184932,89576.30724989579,22197.927213703995,230930.0,538836.0,371030.0,865736.0,0.0,213.90786773923,124.311097685708,384.0,618.0,0.0,507.170154025156,19.550016667702,449.0,721.0
2.0,85,4,LRT|City Center,8,3,15.0,2.4545015213509997,0.0,0.6373993839128,0.264778618376,1.5523235190621998,0.0,0.0,1488.219663865,5162.685103055,250.131906998,2290.32675221,8123.0,12184.0,47624.0,71435.0,0.0,3.525104560981,0.66880189037,13.0,79.0,0.0,5.072304506569999,0.737387879011,10.0,59.0
2.0,85,8,NONTOD|City Center,9,4,186.0,75.35663297765142,2.451457378598339,48.84965834182179,14.06091941860044,9.99459783863085,0.0,579.231017383,490855.57399210695,142234.11433082548,72409.77807252228,11937.613557977,188387.0,349861.0,133906.0,248682.0,0.0,1033.2631706095092,186.6389170232255,313.0,223.0,0.424561439119,135.1633714468455,10.95104417064,291.0,207.0
2.0,86,8,NONTOD|City Center,9,2,4.0,0.37784364524117797,0.0,0.21086698974632,0.0,0.166976655494858,0.0,0.0,2336.2591372205,0.0,0.0,0.0,0.0,0.0,2237.0,4154.0,0.0,6.0932922983872,0.0,0.0,3.0,0.0,0.0,0.0,0.0,3.0
2.0,121,8,NONTOD|City Center,9,4,541.0,206.18128207572502,15.85510647780862,119.66393895124972,32.296706695787,38.3655299508797,361.871353912,6000.34030728,801678.2801131721,475687.483204524,78703.420354105,67801.394156537,432709.0,803602.0,514018.0,954604.0,0.571676704442,1686.0292279586663,160.52897605637,721.0,856.0,4.00022687152,214.6636533131677,40.52687512721801,669.0,795.0
2.0,122,8,NONTOD|City Center,9,3,370.0,80.48725507331082,7.567693717134104,70.56436273866525,0.0,2.3551986175114563,0.0,3596.2273446,140822.93640237002,727968.0812706506,0.0,0.0,0.0,0.0,31554.0,58600.0,0.0,380.5167111488,0.0,0.0,52.0,2.00012668023,385.6644351945611,0.0,0.0,48.0
2.0,123,8,NONTOD|City Center,9,4,303.0,484.09608635431204,19.5989369367657,42.9218225211296,2.1829385595362,419.3923883368806,0.0,0.0,176591.07531359,215940.56975761597,7023.45031623,181.913995871,29246.0,54314.0,5618992.0,10435270.0,0.0,380.0240127799,8.00051239788,48.0,9364.0,0.0,65.56741201790203,0.0382735105978,45.0,8696.0
2.0,124,8,NONTOD|City Center,9,4,77.0,12.996026066082882,2.8026358939566403,6.029656259182231,0.635095230197,3.52863868274701,0.0,0.0,15663.131030800998,72958.7394905835,0.0,2944.15691893,8508.0,15800.0,47276.0,87798.0,0.0,31.6893064871198,0.0,14.0,78.0,0.0,34.37020212335342,1.00005330127,13.0,73.0
2.0,133,6,LRT|NA,11,4,97.0,89.13596545132494,4.0788512028994,52.15406455451205,0.94985984658,31.95318984733348,0.0,0.0,885865.4615713607,143491.4825478227,11699.24850442,0.0,10283.0,23993.0,345935.0,807181.0,0.0,2189.993315195072,11.9992292353,17.0,576.0,0.0,427.69475660874144,0.0,19.0,672.0
2.0,134,6,LRT|NA,11,4,313.0,57.65379417465673,10.94832692498528,32.70169495691076,4.892638206403811,9.11113408635688,223.628468743,0.0,379994.189064443,758623.4590252023,49400.379369741575,5619.780909108999,52969.0,123594.0,98640.0,230160.0,0.353283520921,674.343844271541,73.91390238219138,88.0,164.0,0.0,362.47232922714,4.098975330061,102.0,191.0
2.0,135,6,LRT|NA,11,1,22.0,95.53897010102332,95.53897010102332,0.0,0.0,0.0,3600968.6945697195,0.0,0.0,0.0,0.0,0.0,0.0,0.0,0.0,0.0,4250.362271321111,0.0,0.0,0.0,0.0,0.0,0.0,0.0,0.0,0.0
2.0,136,4,LRT|City Center,8,4,146.0,48.241831795053784,18.117795049942288,14.989496367237596,6.9701684804362,8.164371897437702,3489.3743465350003,0.0,115750.92356940998,83218.919622016,109700.17605162,12336.238784645,213841.0,320761.0,250478.0,375716.0,5.801102069284,192.144512855982,254.72165167633003,356.0,417.0,0.0,71.89291212828502,12.832185371608,267.0,313.0
2.0,136,8,NONTOD|City Center,9,4,46.0,8.668585657490556,6.792475464258506,1.094213344239,0.5450286599846,0.23686818900845,79146.574388387,0.0,14052.666182575998,0.0,3397.4703588730004,0.0,7302.0,13560.0,3173.0,5892.0,125.192476177274,23.01838991129,5.815638341518,12.0,5.0,0.0,0.0,0.0,11.0,4.0
2.0,137,6,LRT|NA,11,4,186.0,44.51971147651518,14.355861796419116,18.24055684557945,9.3082215564281,2.61507127808851,3899.804716,0.0,141235.1595838864,188919.4497179342,101787.7470395979,10205.636688492,100773.0,235136.0,28311.0,66059.0,3.99979970872,235.2065984802838,134.83321596361654,167.0,47.0,0.0,184.71112555310447,9.166719807592,195.0,55.0
2.0,138,6,LRT|NA,11,4,601.0,111.1145745655316,13.504684127046032,65.60979188777836,27.21109801801405,4.789000532693168,1031.9362086862,0.0,313149.5017195934,682038.5240943724,147077.16985422,82215.67742321613,294595.0,687388.0,51847.0,120976.0,2.94838916767772,558.904193977877,270.51927603586,490.0,86.0,0.0,471.1302900041924,62.96725990458042,572.0,100.0
2.0,139,4,LRT|City Center,8,4,19.0,2.7160193650582,0.2262960892316,1.5013544124827998,0.8509478967493,0.1374209665945,0.0,0.0,10069.274858486,0.0,5705.165269042,0.0,26106.0,39158.0,4216.0,6323.0,0.0,21.239712178289,13.427845104015,43.0,7.0,0.0,0.0,0.0,32.0,5.0
2.0,139,8,NONTOD|City Center,9,3,5.0,0.194177919739844,0.02019721538766,0.158213561522,0.0,0.015767142830184,0.0,0.0,1392.24589953,0.0,0.0,0.0,0.0,0.0,211.0,391.0,0.0,3.72258261907,0.0,0.0,0.0,0.0,0.0,0.0,0.0,0.0
2.0,140,6,LRT|NA,11,4,229.0,84.6451923916501,45.81482086414847,13.227288590917547,12.691647663823204,12.911435272760873,22755.721066101,1421.39170932,54922.1294266924,84094.61646036562,42991.50929985,60302.81085485469,137403.0,320607.0,139783.0,326160.0,65.01634590317401,80.0541297811912,92.18812157414,229.0,232.0,0.999936531952,84.28608362588217,44.2340625082182,267.0,271.0
2.0,141,8,NONTOD|City Center,9,4,79.0,50.24769970936153,0.4571548926956493,30.72959632126625,1.585389554406,17.47555894099363,2.09410320728,0.0,695149.41643754,62410.79510564005,12156.38719129,0.0,21240.0,39445.0,234136.0,434824.0,0.00330821991671,1424.496245346867,33.15836898331,35.0,390.0,0.0,65.9819154493588,0.0,32.0,362.0
2.0,142,2,CRT|NA,10,4,170.0,34.05481130921286,4.4350522403794175,13.749891479937352,14.265419174317978,1.6044484145781102,0.429053534109,1949.15510703,70095.58934379,201353.56221916236,91932.88837045,35811.92046796701,154441.0,360362.0,17370.0,40530.0,0.00122586724031,89.40612165233,115.23169162005,257.0,28.0,1.99986406113,185.7373543203444,24.751371401193204,300.0,33.0
2.0,143,4,LRT|City Center,8,4,334.0,181.18161048106478,21.285172720881768,80.33834025028659,8.6640494105884,70.89404809930802,0.0,0.0,1482260.7434530628,199874.069103265,19526.983944223,56710.6544050716,265808.0,398711.0,2174992.0,3262487.0,0.0,3705.175963731865,38.429385873553,443.0,3624.0,0.0,336.3484264057443,42.1845003106788,332.0,2718.0
2.0,143,8,NONTOD|City Center,9,4,56.0,15.886530644434684,0.48505723823913,10.12975873180662,1.8075434395006549,3.4641712348882807,0.0,0.0,241363.72962621227,1635.24384622443,13837.1790336,371.0630909843,24217.0,44974.0,46412.0,86193.0,0.0,575.4939656527011,36.9978049027,40.0,77.0,0.0,0.321719173586859,0.28380043405683,37.0,71.0
2.0,144,7,LRT|Urban Center,5,4,53.0,13.233628609113481,1.5414641832600002,2.9292157894027206,1.148706993760604,7.614241642690157,1248.62085043,0.0,31194.947299985,10077.5684422913,12079.27294468149,0.0,67374.0,67374.0,446595.0,446595.0,1.97254478742,53.59492876289001,16.026924212666888,134.0,893.0,0.0,12.4163669035358,0.0,67.0,446.0
2.0,144,10,NONTOD|Urban Center,6,4,234.0,111.45872744376462,15.216875009682802,32.513541167990105,47.15965549376901,16.5686557723227,13012.660978676,0.0,1172563.328201915,79952.857379396,440704.82784040575,831.790182042,1630650.0,1993016.0,572898.0,700208.0,20.413409071361,1478.2963531834453,593.730949788232,3261.0,1145.0,0.0,81.57866371776602,0.999948125116,1660.0,583.0
2.0,145,6,LRT|NA,11,4,66.0,59.370058472409916,2.9267879207842,23.2374211387724,4.843295486008,28.36255392684532,0.0,0.0,219924.372051282,40109.8593471,23624.2965468,2857.99521744,52435.0,122348.0,307061.0,716475.0,0.0,501.241739549698,24.2300477403,87.0,511.0,0.0,22.034856324773003,5.99160422943,101.0,597.0
2.0,146,4,LRT|City Center,8,4,51.0,4.178658494364485,0.4132281567813999,2.761240973044885,0.8536307064102,0.150558658128,0.0,0.0,25797.8738929756,27207.115216854934,2042.43955076,4893.464445358,26188.0,39281.0,4619.0,6928.0,0.0,29.441679549473,5.46106831753,43.0,7.0,0.0,18.90803550701992,3.785894781346,32.0,5.0
2.0,146,8,NONTOD|City Center,9,4,696.0,91.8149394482418,15.946524742116337,40.602171572532086,29.56256054119123,5.703682592402151,6273.828191687,0.0,86046.07698920042,431644.3769933958,46389.44327860599,202554.7153745562,396077.0,735571.0,76417.0,141917.0,9.021634438904,167.89739839175974,95.11076817518,660.0,127.0,0.0,323.79432488654044,141.6864681464045,612.0,118.0
2.0,147,1,CRT|Metropolitan Center,1,4,1143.0,222.88589820795983,45.2525832187269,69.65628669524155,57.96578721527563,50.01124107871575,260440.54011997,383831.84728384,3012493.9184292336,1436600.735981161,485267.6931870841,40317.771597601,11533989.0,7689326.0,9951199.0,6634132.0,679.2177348242601,4918.51860025024,855.196836972027,23067.0,19902.0,35.848239826143995,924.0875730793696,31.187145117307,7689.0,6634.0
2.0,147,5,LRT|Metropolitan Center,2,4,2366.0,376.4503923197551,113.91081818072026,173.1174509534528,22.190871293164687,67.2312518924174,6172909.800582456,298499.46121119004,23094806.2935205,3701182.2850576905,338354.50664642063,5295.1516641963,4415523.0,2943682.0,13377624.0,8918416.0,12764.72576699235,41994.82710176647,658.2700038973883,8831.0,26755.0,35.64180438101,3022.784538447041,5.5312443402497,2943.0,8918.0
2.0,147,9,NONTOD|Metropolitan Center,3,4,1300.0,335.0239713380529,107.40930981839988,116.45338652894318,72.27296582423709,38.88830916647274,149468.7452378871,5064.503398938999,5674377.180726582,2329445.67688864,696636.3817197164,81720.37229897214,6506731.0,5323689.0,3501112.0,2864546.0,281.031533811605,10195.452119228215,1349.5250844047002,13013.0,7002.0,3.2529430005870004,2259.585471068644,66.38380618884193,5323.0,2864.0
2.0,148,7,LRT|Urban Center,5,4,310.0,86.13611895654242,5.288073445915792,63.18909648102065,9.5153851290172,8.143563900588768,70244.89114656,0.0,1824892.866971352,982825.2214460082,257835.475525475,21355.632015748,558102.0,558102.0,477641.0,477641.0,107.99368418505,3592.7860375663195,527.7312963737179,1116.0,955.0,0.0,831.2315025731796,15.344320400485,558.0,477.0
2.0,148,10,NONTOD|Urban Center,6,4,1561.0,228.87707761566443,37.85883915327663,141.27880189686837,26.999027812289206,22.740408753230227,776004.8859823273,34410.035306972,4603465.081811417,4497717.25593534,507453.8642099279,64652.2833582435,933551.0,1141006.0,786300.0,961033.0,1265.725971381843,8520.218128742314,991.291054834326,1867.0,1572.0,37.997878526657,4067.766166568908,54.3729521463743,950.0,800.0
2.0,149,6,LRT|NA,11,4,351.0,74.20575209952416,52.79560653903338,19.492280169671385,1.4650296405812,0.4528357502382,448435.3527617,225586.42909395933,24238.417373590004,613869.556099313,0.0,22235.68735978,15860.0,37006.0,4902.0,11438.0,1262.6477430167,53.72906202811,0.0,26.0,8.0,205.17186274464893,490.54040464585376,10.999346430808998,30.0,9.0
2.0,150,4,LRT|City Center,8,4,9.0,1.42494658443238,0.00370667015518,0.9904594806286,0.0931218549226,0.337658578726,0.0,0.0,21196.31795038,0.0,7602.60619572,0.0,2856.0,4283.0,10359.0,15538.0,0.0,47.47443919692,7.79754481613,4.0,17.0,0.0,0.0,0.0,3.0,12.0
2.0,150,8,NONTOD|City Center,9,4,1355.0,327.18251189384,77.01023938044878,162.78562542487012,53.74575732434772,33.640889764173345,3188927.5901715704,214106.86350405,2757033.754364814,1596387.3701853491,784145.8269374298,48923.57899884201,720082.0,1337295.0,450718.0,837047.0,9104.707727214343,4777.079509201286,1485.9337009395574,1200.0,751.0,318.986968314923,1271.390268534114,34.64320703165399,1114.0,697.0
2.0,151,7,LRT|Urban Center,5,4,464.0,142.23684729481766,38.88271189993064,86.85746566154889,7.433271798288399,9.063397935049744,44081.91147,0.0,1202875.733801243,1045728.2408088784,51549.468769686,10793.441509896,435980.0,435980.0,531591.0,531591.0,79.0529532445,2549.813927144397,118.26006495185,871.0,1063.0,0.0,780.2223842749255,6.552530659483999,435.0,531.0
2.0,151,10,NONTOD|Urban Center,6,4,318.0,118.31838175906167,32.81742177337645,76.24018675143212,2.6808187462847,6.579954487968392,8468.910251689,2169.893029796,2146238.668627988,800051.4056593691,10627.784423899,13262.398007333,92695.0,113293.0,227516.0,278075.0,13.58390533674,4341.589379535957,20.289848257844,185.0,455.0,1.108440413238,505.5045012737039,8.9157479813607,94.0,231.0
2.0,152,6,LRT|NA,11,4,488.0,58.1574917021684,8.356693463744639,40.99557399067451,0.9169797784619,7.888244469287351,19248.8751295,7401.255864119001,708003.9270543001,735925.9362785553,0.0,8031.181344512999,9927.0,23163.0,85400.0,199266.0,54.9967860843,1401.7817958869,0.0,16.0,142.0,4.999705862878001,662.1204472121854,4.825219954934,19.0,166.0
2.0,153,6,LRT|NA,11,3,34.0,290.17499764634346,290.05145561523744,0.0877296454837,0.0,0.0358123856223,5390613.74973259,49734.4191171,0.0,1277.015167548,0.0,0.0,0.0,0.0,387.0,903.0,12613.97234585356,0.0,0.0,0.0,0.0,62.16802389635,0.1715421143747,0.0,0.0,0.0
2.0,154,0,CRT|City Center,7,4,52.0,42.852831440769194,18.6057951256988,4.6003217307293,6.737699779552,12.909014804789098,20706.18756143,671.639950093,224572.62365032,0.0,93201.9618058,0.0,206709.0,310063.0,396041.0,594061.0,57.446363139400006,330.43237009699,231.34511597660003,344.0,660.0,0.252117098383,0.0,0.0,258.0,495.0
2.0,154,8,NONTOD|City Center,9,4,197.0,47.21367629862457,2.605942583166812,22.680625533751005,12.525853580380302,9.401254601326452,0.0,0.0,185086.14947496,183967.7191917799,88451.57331275799,30856.371193621995,167820.0,311665.0,125957.0,233920.0,0.0,318.40277934881,130.66260399112798,279.0,209.0,0.0,115.14429786866891,22.944052620581,259.0,194.0
2.0,155,6,LRT|NA,11,3,177.0,45.754120470562775,9.551198376937,34.110217380119174,0.0,2.0927047135066,0.0,0.0,0.0,508569.631704249,0.0,0.0,0.0,0.0,22656.0,52864.0,0.0,0.0,0.0,0.0,37.0,0.0,202.5515918819568,0.0,0.0,44.0
2.0,156,6,LRT|NA,11,4,273.0,68.27665337520689,12.34783407026957,31.801813770590865,18.034489710196,6.092515824150458,0.0,0.0,182801.9023278,263569.15767088265,27843.565125131,74868.27965390508,195247.0,455576.0,65959.0,153904.0,0.0,274.541624619,78.61928156962,325.0,109.0,0.0,167.71304878829582,56.491332438071495,379.0,128.0
2.0,157,6,LRT|NA,11,3,120.0,30.46605223771479,9.4055497461918,19.32178847796399,0.0,1.738714013559,0.0,697.508997531,0.0,207047.2884185153,0.0,0.0,0.0,0.0,18823.0,43920.0,0.0,0.0,0.0,0.0,31.0,0.331297782828,91.113654705982,0.0,0.0,36.0
2.0,158,6,LRT|NA,11,4,100.0,36.60447300463887,17.5309759258392,13.844316515081667,0.8942895076363,4.3348910560817,52713.8673855,0.0,6314.00518951,140314.05393155522,0.0,2352.859219292,9681.0,22589.0,46930.0,109503.0,150.611049673,9.97473173699,0.0,16.0,78.0,0.0,68.09639134235455,1.0640418870647,18.0,91.0
2.0,159,3,CRT|Urban Center,4,4,13.0,24.128529543596837,0.36352842475824,16.0860966999368,0.0123660998318,7.66653831907,1078.77381249,0.0,307979.45948979,0.0,38.3613890761,0.0,725.0,725.0,449662.0,449662.0,1.70422403236,737.78088864687,0.109603968789,1.0,899.0,0.0,0.0,0.0,0.0,449.0
2.0,159,7,LRT|Urban Center,5,4,215.0,128.18151341267966,55.17140516356608,39.03162378584665,1.0645133783359,32.91397108493104,25371.3525637483,366048.3724487701,668650.3089186087,389528.0777199282,2301.373388124,5477.052076767,62436.0,62436.0,1930490.0,1930490.0,72.25240019548369,1062.996770176922,5.634921972613,124.0,3860.0,380.317794784898,193.1950249997805,2.747969340771,62.0,1930.0
2.0,159,10,NONTOD|Urban Center,6,4,1384.0,1091.1586387893722,112.4276541801502,640.6329495647204,95.180136521507,242.9178985229944,45439.989013908,235609.39979062,10752678.682663044,1592697.1755599608,725330.792949246,55638.069725679,3291066.0,4022414.0,8399429.0,10265968.0,109.960948293402,19710.976122123386,1371.2853735509495,6582.0,16798.0,273.37663377836,975.6140299021004,40.384456730524,3352.0,8554.0
2.0,160,8,NONTOD|City Center,9,3,174.0,77.64964634019137,6.864037280198819,59.043168354556784,0.0,11.74244070543577,131950.29594026902,0.0,2142687.407477745,20113.250951615308,0.0,0.0,0.0,0.0,157324.0,292173.0,208.452284265692,3733.38462525786,0.0,0.0,262.0,0.0,6.6062409560254185,0.0,0.0,243.0
2.0,162,6,LRT|NA,11,3,95.0,26.73493016955895,7.484929983863658,17.80076464885839,0.0,1.4492355368369,0.0,0.0,0.0,232979.63120587807,0.0,0.0,0.0,0.0,15689.0,36607.0,0.0,0.0,0.0,0.0,26.0,0.0,72.50494960038031,0.0,0.0,30.0
2.0,163,6,LRT|NA,11,3,12.0,5.0582233509853,4.9963061735275405,0.0198957114566,0.0,0.0420214660011599,51121.3615698,0.0,12.4491442296,0.0,0.0,0.0,0.0,0.0,454.0,1059.0,52.4321657127,0.012768353056,0.0,0.0,0.0,0.0,0.0,0.0,0.0,0.0
2.0,164,4,LRT|City Center,8,3,73.0,97.477952666152,5.309960322219561,4.284936549839999,0.0,87.88305579409244,0.0,0.0,17724.90160427,0.0,0.0,0.0,0.0,0.0,2696206.0,4044308.0,0.0,28.0014243353,0.0,0.0,4493.0,0.0,0.0,0.0,0.0,3370.0
2.0,164,8,NONTOD|City Center,9,3,344.0,397.5611108244971,117.32747414698046,6.334290242597934,0.0,273.8993464349187,0.0,0.0,5316.285418019,148553.6929518554,0.0,0.0,0.0,0.0,3669685.0,6815129.0,0.0,8.720478053106,0.0,0.0,6116.0,0.0,63.71317763280656,0.0,0.0,5679.0
2.0,165,2,CRT|NA,10,2,21.0,28.2644686816703,0.0,4.798823444069,0.0,23.4656452376013,0.0,0.0,622793.3609555,0.0,0.0,0.0,0.0,0.0,254046.0,592774.0,0.0,721.6610140623,0.0,0.0,423.0,0.0,0.0,0.0,0.0,493.0
2.0,166,6,LRT|NA,11,2,78.0,122.10071556070862,7.016435702457051,0.0,0.0,115.08427985825158,0.0,0.0,0.0,0.0,0.0,0.0,0.0,0.0,1245938.0,2907188.0,0.0,0.0,0.0,0.0,2076.0,0.0,0.0,0.0,0.0,2422.0
2.0,167,8,NONTOD|City Center,9,4,271.0,142.27307364681815,15.20121259411006,73.0639936529595,5.137790075731001,48.8700773240176,9189.97038265,0.0,507019.1568072268,174723.01537376907,12713.093232004,13542.169066096,68835.0,127836.0,654758.0,1215979.0,26.093019769907,1104.9674445945543,20.9596459132,114.0,1091.0,0.0,62.39157618691271,6.875953648621,106.0,1013.0
2.0,168,3,CRT|Urban Center,4,3,67.0,99.6560519118961,26.64148844088161,33.20931688807701,0.0,39.80524658293748,55893.3270756,0.0,1559306.3417022796,305782.180189,0.0,0.0,0.0,0.0,2334681.0,2334681.0,88.2990949062,2106.70934918333,0.0,0.0,4669.0,0.0,302.012030013,0.0,0.0,2334.0
2.0,168,10,NONTOD|Urban Center,6,3,67.0,57.78739993266218,15.228951639803515,14.9785557449357,0.0,27.579892547922967,227457.7413,0.0,315387.219990835,0.0,0.0,0.0,0.0,0.0,953636.0,1165555.0,233.289991077,518.9275273961089,0.0,0.0,1907.0,0.0,0.0,0.0,0.0,971.0
2.0,172,6,LRT|NA,11,4,425.0,109.28817678456771,32.9503162886659,58.372174128607725,13.2399261297221,4.725760237571979,348.448948225,0.0,85979.54229836601,827866.6465649474,97282.604251117,28426.957411667,143339.0,334457.0,51162.0,119377.0,0.995568423501,161.97288265481802,103.996355610099,238.0,85.0,0.0,592.3686415346149,24.742420965413007,278.0,99.0
2.0,173,4,LRT|City Center,8,4,423.0,114.15606942138771,14.889338619081492,55.85265628077556,26.1792780676448,17.234796453885863,37170.65919221,0.0,1390833.516695451,132875.89861272572,317490.973405392,7208.885978817,803166.0,1204748.0,528754.0,793130.0,57.11025766591,2180.4063089931137,384.02284536017993,1338.0,881.0,0.0,137.05361536010787,6.11913892107,1003.0,660.0
2.0,173,8,NONTOD|City Center,9,4,96.0,47.13503176949007,2.8699566336206,28.266577219981464,9.889589351232,6.108908564655999,0.0,0.0,1787988.3536617933,13794.13800806,69368.51556098,3449.39928596,132500.0,246071.0,81846.0,151999.0,0.0,2956.977283447078,88.65681438896,220.0,136.0,0.0,10.841128081099,2.868429749698,205.0,126.0
2.0,174,6,LRT|NA,11,4,55.0,14.703953505701667,1.9441014688376,7.661229921688862,4.2400295047723,0.8585926104029051,0.0,0.0,164233.80001688717,1845.926879902,48669.8411019904,1573.5813829579995,45903.0,107107.0,9295.0,21688.0,0.0,202.7647665535815,53.5847038417016,76.0,15.0,0.0,1.709191555464,1.457019799038,89.0,18.0
2.0,175,4,LRT|City Center,8,4,258.0,47.96285723202705,14.5616668536703,13.091210346677451,10.784257623183,9.525722408496293,60039.70610131999,89050.19240502,163291.17394488232,408218.641592513,105328.57986407,7224.853645648999,330855.0,496282.0,292244.0,438365.0,100.019582573,219.766505951932,123.56847846861,551.0,487.0,43.74865653075,262.4126253188519,3.99992043184,413.0,365.0
2.0,175,8,NONTOD|City Center,9,4,43.0,27.44925919337983,9.001275189792,15.167608153656529,0.5238083659986,2.7565674839327,81123.52439049,13750.5561335,194218.34510979548,54218.26622412,3509.299472158,188.295635555,7017.0,13031.0,36932.0,68588.0,139.9761164537,382.656619641326,3.599281509905,11.0,61.0,6.25025278796,39.09635794160501,0.19174708305,10.0,57.0
2.0,176,6,LRT|NA,11,4,344.0,79.30437158450586,5.729160690138,34.47114574960419,24.582948390428037,14.521116754335631,0.0,2540.27720141,540973.2037319851,158206.56544216385,219367.61568934668,18672.779792532696,266142.0,620998.0,157210.0,366823.0,0.0,711.1323750883998,299.95618634390803,443.0,262.0,1.95105775838,141.6853849778161,18.8202185772645,517.0,305.0
2.0,177,6,LRT|NA,11,3,8.0,4.4294704193165,3.2130937474055,0.0,0.856126559311,0.3602501126,0.0,0.0,0.0,0.0,6043.41818751,0.0,9268.0,21625.0,3900.0,9100.0,0.0,0.0,9.54726411928,15.0,6.0,0.0,0.0,0.0,18.0,7.0
2.0,178,4,LRT|City Center,8,4,214.0,74.26729074618217,14.029045582775,35.467663284238064,18.134020139369404,6.636561739799706,5193.96455049,0.0,331994.158095894,191852.71766823248,124572.214684583,13000.6757390864,556342.0,834513.0,203606.0,305408.0,13.88760575,675.67067214243,240.19086525593,927.0,339.0,0.0,154.5673628494686,12.073813643849002,695.0,254.0
2.0,178,8,NONTOD|City Center,9,4,1281.0,368.90495495621064,45.50148072100951,212.0251747053139,65.28611962440431,46.09217990548292,229712.36599412,3648.66917832,2457834.2112643435,1736185.894418415,418635.40668552817,121816.71844752302,874699.0,1624441.0,617540.0,1146860.0,448.52194859446,4738.8076434968825,837.7693829799349,1457.0,1029.0,5.61910037729,1589.7192766899263,105.661589097698,1353.0,955.0
2.0,190,8,NONTOD|City Center,9,4,47.0,16.97413762945988,0.01472889244008,10.8114935624308,1.461712137056,4.686203037532999,0.0,0.0,96591.381529933,20638.114689098697,13348.25005854,0.0,19583.0,36368.0,62785.0,116600.0,0.0,170.50927121290002,26.81555677681,32.0,104.0,0.0,40.9186668074827,0.0,30.0,97.0
2.0,191,8,NONTOD|City Center,9,4,313.0,126.50265531250696,32.495563062409,86.11955135572644,0.964185909826,6.9233549845455205,1074.03135301,19283.8323214,2097157.645506432,434711.27063074085,9172.44995269,1097.58327368,12918.0,23990.0,92758.0,172264.0,1.69673199528,2956.691958074128,14.49044226338,21.0,154.0,26.7173100732,604.0617231693442,0.829616986908,19.0,143.0
2.0,192,8,NONTOD|City Center,9,4,829.0,302.93793388347706,90.74727930131252,172.79280806785596,12.803485737478,26.59436077683062,169294.0509469769,0.0,752651.6137456241,1297757.5002191898,73880.41572618102,11594.21141497,171540.0,318574.0,356309.0,661716.0,479.654482452784,1723.49380870221,171.998664692708,285.0,593.0,0.0,840.615963805085,5.674979338529,265.0,551.0
2.0,199,6,LRT|NA,11,3,163.0,47.08834368275364,6.440470493021215,37.91595329301242,0.0,2.73191989672,0.0,0.0,0.0,430132.08156095824,0.0,0.0,0.0,0.0,29576.0,69010.0,0.0,0.0,0.0,0.0,49.0,0.0,141.84501764523986,0.0,0.0,57.0
2.0,200,6,LRT|NA,11,3,33.0,89.5987367241641,17.794774290452096,35.9406258022,0.0,35.863336631512,710.023400885,0.0,22488.7677573,0.0,0.0,0.0,0.0,0.0,388267.0,905956.0,0.728229129113,23.065402828,0.0,0.0,647.0,0.0,0.0,0.0,0.0,754.0
2.0,201,8,NONTOD|City Center,9,3,30.0,34.072315633491975,27.558735857538075,0.289510790741,0.0,6.2240689852129,0.0,1508.78129891,0.0,4798.74209145,0.0,0.0,0.0,0.0,83389.0,154865.0,0.0,0.0,0.0,0.0,138.0,0.520627884207,1.688072884695,0.0,0.0,129.0
2.0,202,6,LRT|NA,11,4,76.0,91.56660288622692,14.6217591021844,8.9766001097334,0.314268080092,67.65397559421712,3500.07132617,0.0,61933.39787985,80.5848848443,0.0,200.292213679,3402.0,7937.0,732443.0,1709033.0,10.0002037891,155.95540068301,0.0,5.0,1220.0,0.0,0.0227640917639,0.206699910917,6.0,1424.0
2.0,203,8,NONTOD|City Center,9,4,440.0,420.33502408281424,83.33520822735248,249.5820858311221,0.450179219008,86.96755080533167,2511.52870104,0.0,2709877.5303890496,743550.2159987334,0.0,1366.02775952,6031.0,11200.0,1165185.0,2163915.0,7.17579628868,5906.192555894108,0.0,10.0,1941.0,0.0,557.6699697104663,1.00002032175,9.0,1803.0
2.0,204,4,LRT|City Center,8,4,95.0,66.39105037547628,14.5059695601195,19.658129044576267,1.8122388502899,30.414712920490626,1244.04826881,0.0,190417.4308027115,61451.201693526295,7654.713433269,0.0,55598.0,83396.0,933107.0,1399660.0,1.96532111976,239.67363374821795,7.850988136695999,92.0,1555.0,0.0,27.1221543456267,0.0,69.0,1166.0
2.0,204,8,NONTOD|City Center,9,4,200.0,59.25550308778129,14.361236793189988,20.92669939223166,1.456990156169,22.51057674619064,81617.19971030799,192.276305625,30505.5593959,228711.968490728,731.070780867,2728.07091212,19520.0,36251.0,301595.0,560105.0,128.937124345117,48.1920369604,0.749816185505,32.0,502.0,0.0798489641301,128.99344255198733,1.00002599418,30.0,466.0
2.0,205,6,LRT|NA,11,4,115.0,45.604615061851455,12.03204202723636,19.062240222689105,4.814596478643001,9.69573633328299,0.0,0.0,95993.025539516,78604.95897542319,40876.24547580999,0.0,52124.0,121622.0,104969.0,244927.0,0.0,153.05991118135603,44.37980268408,86.0,174.0,0.0,38.50319397322452,0.0,101.0,204.0
2.0,206,6,LRT|NA,11,4,185.0,87.71609608588328,31.01175222374603,41.87990706693916,4.536213965275,10.288222829923091,425.012204531,0.0,28350.7215919,339145.7060762049,0.0,15770.592272186,49110.0,114590.0,111383.0,259893.0,1.21432058437,81.002061691,0.0,81.0,185.0,0.0,141.87630746999474,7.570855872741,95.0,216.0
2.0,207,4,LRT|City Center,8,4,126.0,118.07139834044249,23.8746455059419,41.04090990878856,43.02077417815132,10.135068747560702,30400.48454177,0.0,213367.92402984,38446.7734284189,217192.805203196,3500.4415460101386,1319855.0,1979782.0,310938.0,466406.0,86.8585272621,294.7713926702,519.453936122467,2199.0,518.0,0.0,169.48785373317196,3.172514083256921,1649.0,388.0
2.0,207,8,NONTOD|City Center,9,4,831.0,312.8965839973859,62.68488291775012,144.06228373519906,30.89808624236409,75.25133110207261,99277.03493524,56949.8725962,849866.3026791493,1038014.120822933,131802.40140577298,24208.538038925995,413970.0,768801.0,1008212.0,1872393.0,264.34259250874,1466.062502062538,290.631614063,689.0,1680.0,56.0011684623,581.2229719155564,15.615188286246005,640.0,1560.0
2.0,208,6,LRT|NA,11,3,34.0,12.55911698943293,0.0,10.12702901917993,1.044526767312,1.387561202941,0.0,0.0,1364.86349423,42236.57613019543,827.034983424,4565.40554575,11308.0,26385.0,15022.0,35051.0,0.0,2.15618245534,0.84824100864,18.0,25.0,0.0,75.30427435113839,1.477626609661,21.0,29.0
2.0,214,8,NONTOD|City Center,9,4,747.0,268.1149660394832,25.747134080004912,172.51482129954815,38.911184926313,30.94182573361711,62465.86026466,2304.08360748,1506216.3448959363,861397.5888055607,200992.73296874005,37420.542461235,521329.0,968182.0,414556.0,769889.0,129.16861326775,2854.511640809704,447.09550329980993,868.0,690.0,1.496151573784,509.9658407770342,25.6146803654663,806.0,641.0
2.0,215,6,LRT|NA,11,3,54.0,88.35263406092363,14.309574082743405,52.3107488052891,0.0,21.73231117289113,26657.2892261,0.0,620199.71641576,492006.762842822,0.0,0.0,0.0,0.0,235280.0,548986.0,42.1126212102,1011.28305808264,0.0,0.0,392.0,0.0,478.3599310763326,0.0,0.0,457.0
2.0,216,7,LRT|Urban Center,5,4,239.0,85.80769807117044,1.8944558798106,52.689279204073664,19.461424326341003,11.76253866094518,0.0,473721.046955,952454.61136569,258457.64510217763,157499.89033929,4842.04359338,1141463.0,1141463.0,689903.0,689903.0,0.0,2232.286429056692,411.427769921,2282.0,1379.0,224.994797828,196.83336232480784,3.993400290922,1141.0,689.0
2.0,216,10,NONTOD|Urban Center,6,4,558.0,217.11673324716702,6.506817472069496,131.33607302728146,52.62635153630764,26.64749121150845,0.0,473721.046955,1665378.8533191811,885090.9099640821,403142.81492708006,18777.15055285,1819673.0,2224044.0,921396.0,1126150.0,0.0,3998.855919906556,1070.0612166242,3639.0,1842.0,224.994797828,812.366956597563,12.010718747895169,1853.0,938.0
2.0,217,6,LRT|NA,11,4,107.0,36.01814583576135,4.93606459902311,24.671330044020888,1.4739376622743,4.936813530443054,22257.21779878,0.0,474784.160247985,32985.124452577606,449.053778969,7825.430407416001,15957.0,37233.0,53447.0,124709.0,63.59205085366,766.1736126168745,0.709405653979,26.0,89.0,0.0,27.2160868054309,6.947025161908,31.0,103.0
2.0,218,6,LRT|NA,11,4,98.0,77.37566807444242,18.431952845662003,45.52231754064731,3.1481468489255,10.273250839207602,0.0,0.0,1494183.2276348,15586.741324481549,0.0,10869.8212502832,34082.0,79524.0,111221.0,259515.0,0.0,2077.3798410714003,0.0,56.0,185.0,0.0,11.44758045856818,6.6807794576749,66.0,216.0
2.0,219,8,NONTOD|City Center,9,4,817.0,447.7335770081914,62.8916197635652,192.65982166654084,18.658808465173,173.52332711291237,58890.440286796,29108.86578521,1143632.8986663858,1372707.611002182,120051.90202389,18488.22188169,249989.0,464265.0,2324854.0,4317586.0,80.80566854304,2713.7541602784154,302.58086617831,416.0,3874.0,16.876276366446,792.5584129085925,16.245437012874,386.0,3597.0
2.0,220,6,LRT|NA,11,1,27.0,2.7350023575401403,0.0,2.7350023575401403,0.0,0.0,0.0,0.0,0.0,17436.12795465986,0.0,0.0,0.0,0.0,0.0,0.0,0.0,0.0,0.0,0.0,0.0,0.0,12.489516429336058,0.0,0.0,0.0
2.0,221,4,LRT|City Center,8,4,247.0,67.87828436301331,14.48799979004096,38.68119921243088,9.556674207305743,5.152411153235713,104798.2132814,0.0,747707.7084340005,79994.23855400404,3317.8986479059995,43923.48184552199,293193.0,439789.0,158073.0,237109.0,221.803269931,1083.90838965346,7.99975591533,488.0,263.0,0.0,59.27663337456001,41.0527495598049,366.0,197.0
2.0,221,8,NONTOD|City Center,9,4,943.0,368.85586579329026,32.55175685294628,225.2300459671364,65.0893588285698,45.98470414463785,5305.986601878,14979.38003705,2129287.4261986823,1430906.1953964145,350451.53576545406,46996.73524729801,872063.0,1619545.0,616100.0,1144185.0,14.443470004585,3613.498044178316,698.4532138069201,1453.0,1026.0,11.794630448081,1548.604659906844,33.584753406168495,1349.0,953.0
3.0,39,8,NONTOD|City Center,9,3,7.0,9.83225462604417,0.13827071351,8.28983738433417,0.0,1.4041465282,0.0,0.0,20962.624157757,163.2955095965458,0.0,0.0,0.0,0.0,18812.0,34936.0,0.0,56.04979721318,0.0,0.0,31.0,0.0,0.0802330242981679,0.0,0.0,29.0
3.0,40,8,NONTOD|City Center,9,4,278.0,162.21062497663462,29.65836898905379,78.039157330253,10.710788952233,43.802309705094814,5388.5839396972,6414.58653556938,334371.5792525436,126043.48251877686,0.0,7620.803703755,143502.0,266503.0,586860.0,1089882.0,12.732601743285,513.2524105432959,0.0,239.0,978.0,4.78092580592648,77.26062026150704,5.747036866863399,222.0,908.0
3.0,41,8,NONTOD|City Center,9,4,75.0,37.95426001885809,3.565752209903,27.391242641628917,2.507160566835,4.49010460049117,77302.69947136,1317.16714221,246302.93743194695,23536.002099104924,0.0,5693.494067622,33590.0,62381.0,60158.0,111722.0,128.3490270426,561.272503941018,0.0,55.0,100.0,0.669292247055,17.504199680467934,4.312989748157,51.0,93.0
3.0,61,8,NONTOD|City Center,9,3,101.0,85.63430614639131,23.14259852532769,30.5008623912643,0.0,31.99084522979932,3926.1126414556,2525.950622864,195703.31794269648,3316.92730586,0.0,0.0,0.0,0.0,428611.0,795991.0,10.8227534287432,460.206580835609,0.0,0.0,714.0,1.44809619713,2.501726257618,0.0,0.0,663.0
3.0,87,8,NONTOD|City Center,9,3,39.0,20.708745329167748,0.0,14.489467832563562,3.32471309991985,2.894564396684335,0.0,0.0,29662.901367536004,38831.4677537289,0.0,3646.2334206933,44544.0,82724.0,38781.0,72021.0,0.0,46.21336814102,0.0,74.0,64.0,0.0,18.535596729363498,3.02111365068847,68.0,60.0
3.0,88,8,NONTOD|City Center,9,4,65.0,39.25123900976222,2.043330170928,22.56060525427636,2.200672515321,12.44663106923686,0.0,0.0,206428.5682574406,29592.055992739,0.0,8741.479921670001,29484.0,54756.0,166759.0,309695.0,0.0,418.785403431162,0.0,49.0,277.0,0.0,28.38669996153,5.033397746109,45.0,258.0
3.0,89,8,NONTOD|City Center,9,4,60.0,22.93582780378133,1.3069847689667002,16.22735718005033,3.137081836431,2.2644040183333,13177.16374508,0.0,137315.53503975377,25425.1240687092,0.0,6548.360261162001,42030.0,78055.0,30338.0,56342.0,23.98937180247,268.3628684788822,0.0,70.0,50.0,0.0,21.7873686038332,4.577700227928,65.0,46.0
3.0,90,8,NONTOD|City Center,9,4,113.0,25.004023845387128,3.60879253243449,16.738018736146238,2.149533382079,2.5076791947274004,0.0,2672.8116467833,192097.5420068532,42654.923670060496,0.0,5368.167997819,28799.0,53483.0,33597.0,62394.0,0.0,353.40692477848165,0.0,47.0,55.0,3.8038379580907,35.339074596935994,4.438125207062,44.0,51.0
3.0,91,8,NONTOD|City Center,9,4,56.0,37.86850530628974,6.479292966224451,16.5263349406969,2.96604287267,11.896834526698392,0.0,0.0,5324.3044771136965,38402.09721914041,0.0,2339.853901302,39738.0,73799.0,159393.0,296015.0,0.0,8.411223502554813,0.0,66.0,265.0,0.0,24.31576910937349,0.8508210112879999,61.0,246.0
3.0,94,8,NONTOD|City Center,9,4,955.0,261.8686783788182,12.875579355052496,194.76762732198387,29.31944908966636,24.90602261211544,7860.846508877001,3620.53177299,1173065.6827415882,619955.6892967115,8588.45524424,169630.4738947961,392820.0,729522.0,333689.0,619708.0,15.99356931948,2537.933567923677,18.992200448436,654.0,556.0,1.999190355062,815.8554718150586,163.1804733473608,607.0,516.0
3.0,95,8,NONTOD|City Center,9,4,23.0,6.30272288570621,0.2093864577314499,4.54725758356348,1.37885090543009,0.16722793898119,0.0,0.0,3828.01629184,10719.7906897452,0.0,785.8835172057201,18473.0,34307.0,2240.0,4160.0,0.0,1.29719291489,0.0,30.0,3.0,0.0,15.043485937813,0.70272616043175,28.0,3.0
3.0,96,8,NONTOD|City Center,9,4,84.0,28.083055223246806,1.0060042757910002,19.786911208293457,1.2238818552289998,6.06625788393335,0.0,0.0,43810.301478111,74118.58507010923,0.0,897.988352265,16397.0,30451.0,81275.0,150939.0,0.0,69.472206677524,0.0,27.0,135.0,0.0,194.76567508953687,1.104462453839,25.0,125.0
3.0,97,8,NONTOD|City Center,9,4,709.0,277.689402830028,61.23866389377508,145.28368115034445,10.943133724485998,60.22392406142246,348967.8350516502,899.638996753,1545527.9809005486,443980.0953093112,3429.803426158,56057.885092787,146615.0,272285.0,806876.0,1498484.0,892.6195688821579,2417.0913221572764,9.21662067842,244.0,1344.0,0.999598885281,351.10054752934866,52.34677621047899,226.0,1248.0
3.0,98,8,NONTOD|City Center,9,4,237.0,53.54294485567542,7.941706596297,33.38358773316409,10.5405343724056,1.67711615380873,23226.5192207,2414.229030458,102063.7244467999,267921.8316601088,8858.60074831,92388.655550278,141221.0,262267.0,22469.0,41728.0,66.3614834878,167.23326622636796,13.9946299341,235.0,37.0,1.504902066107,288.3244452381321,61.084627571301006,218.0,34.0
3.0,99,3,CRT|Urban Center,4,4,262.0,150.12172029360315,82.38704672779436,42.75514780256744,2.561179165235301,22.418346598006043,10895.80182651,1231.52330633,352463.9252815578,47954.370812211135,0.0,18916.41563964393,150219.0,150219.0,1314894.0,1314894.0,17.41243083558,539.4639910692933,0.0,300.0,2629.0,0.999613073323,46.35417977062372,19.16091961021308,150.0,1314.0
3.0,99,10,NONTOD|Urban Center,6,4,4109.0,1590.1029623448355,685.7535814000545,563.2444928213829,90.62847167536034,250.47641644803784,1305593.990360901,48704.21723927001,7935377.734833975,2167368.196088321,6010.630807699001,683072.1848034039,3133682.0,3830055.0,8660782.0,10585400.0,2830.0368044101706,15238.27613225385,11.995273105576,6267.0,17321.0,38.74512959545099,2490.269457198949,731.6444624491064,3191.0,8821.0
3.0,100,8,NONTOD|City Center,9,4,431.0,156.70504702880538,43.663572095583255,103.55082782875432,3.0456781959079997,6.444968908559796,176681.58116385163,7507.2738325254595,2347715.9571838635,404764.9030012391,0.0,11182.844121806,40805.0,75780.0,86349.0,160362.0,482.9811660637189,4016.100821133291,0.0,68.0,143.0,5.94214676832187,559.6908710660118,8.692778392091999,63.0,133.0
3.0,101,8,NONTOD|City Center,9,3,71.0,79.27392438917511,13.06154209099824,31.76568216178911,0.0,34.44670013638776,0.0,9.04180898314,132778.5788530127,2540.2533247590004,0.0,0.0,0.0,0.0,461514.0,857097.0,0.0,157.54273460396888,0.0,0.0,769.0,0.00945173053651,2.361981674751,0.0,0.0,714.0
3.0,102,8,NONTOD|City Center,9,4,345.0,111.99245877912998,19.91404809364107,50.2883071194735,4.502943399095599,37.2871601669198,6376.92669890833,6123.4019833556,867599.2025823385,176440.11910725106,0.0,21422.0322794829,60330.0,112041.0,499570.0,927772.0,10.662235367408002,1298.6715883750946,0.0,100.0,832.0,3.9986582184755,167.447513010656,24.438982901126497,93.0,773.0
3.0,113,8,NONTOD|City Center,9,3,116.0,32.13240098946882,5.10468454910597,11.391191866899126,0.0,15.636524573463722,0.0,0.0,21402.42718945952,75850.6004123119,0.0,0.0,0.0,0.0,209497.0,389065.0,0.0,32.07215368352556,0.0,0.0,349.0,0.0,50.3746637888765,0.0,0.0,324.0
3.0,114,8,NONTOD|City Center,9,3,145.0,117.26875372211578,37.22933323998001,26.520315393109158,0.0,53.51910508902662,0.0,24633.10744794,22431.195271674,130996.11421269496,0.0,0.0,0.0,0.0,717045.0,1331655.0,0.0,28.768254921034995,0.0,0.0,1195.0,19.194965941405,45.8246824286313,0.0,0.0,1109.0
3.0,118,10,NONTOD|Urban Center,6,3,76.0,92.01548422097271,10.282233114899094,46.26834103985696,0.0,35.464910066216646,38.9132613337,0.0,457737.6716619076,2005.89226263101,0.0,0.0,0.0,0.0,1226278.0,1498784.0,0.104046153299,1146.9241056230053,0.0,0.0,2452.0,0.0,4.011783387563,0.0,0.0,1248.0
3.0,119,8,NONTOD|City Center,9,4,491.0,380.82414413981337,59.44293126585192,235.35550802011767,4.209283815388909,81.81642103845488,4276.742548708,14770.1113234998,983233.452871354,525781.1668024171,0.0,6737.425912968961,56395.0,104733.0,1096171.0,2035746.0,12.219264424875,2333.6488068944127,0.0,93.0,1826.0,9.8424409578688,362.6466223542573,5.3658150641899205,87.0,1696.0
3.0,120,8,NONTOD|City Center,9,4,100.0,149.73727453248583,40.44194603187779,40.6567164931329,0.8891784804030001,67.74943352707213,0.0,2485.512071592,1268927.728455134,17747.83950313029,0.0,1910.337396274,11913.0,22124.0,907702.0,1685732.0,0.0,2188.464674481608,0.0,19.0,1512.0,2.158413588292,11.02642418484401,1.999306147368,18.0,1404.0
3.0,125,8,NONTOD|City Center,9,4,489.0,168.27586874516405,21.9401626921724,121.16126063245166,5.608980856037,19.56546456450297,48632.7104113,6109.973088008001,209570.9033150905,552733.6602266047,0.0,7022.82451113,75148.0,139560.0,262136.0,486824.0,138.950601175,418.26751778463,0.0,125.0,436.0,3.6479132279825,381.4183399067037,3.864815650264,116.0,405.0
3.0,126,8,NONTOD|City Center,9,4,135.0,23.775945598224457,8.55842331665074,12.958354294519266,0.332845506647,1.92632248040745,20098.56546232,7763.75635634,161400.56973860474,82709.4857225829,0.0,927.673581168,4459.0,8281.0,25808.0,47929.0,23.64995704355,397.9136194502989,0.0,7.0,43.0,18.4819438462,81.85578432358469,0.999648255569,6.0,39.0
3.0,127,2,CRT|NA,10,3,457.0,144.987377506307,18.0466785035547,97.90408558640456,0.0,29.036613416347755,0.0,0.0,42353.865160662,675948.5350186893,0.0,0.0,0.0,0.0,314359.0,733504.0,0.0,62.977472275702,0.0,0.0,523.0,0.0,562.3375623670549,0.0,0.0,611.0
3.0,128,8,NONTOD|City Center,9,4,488.0,182.05043825854534,53.0237639644463,117.94670951641422,0.222178047424,10.857786730260845,77492.3646693,19653.198278469,788066.2016383983,756041.7388303165,0.0,981.659267253,2976.0,5526.0,145471.0,270160.0,79.4793483787,1706.578170527031,0.0,4.0,242.0,8.269959545577999,398.6730712322987,0.999653021643,4.0,225.0
3.0,129,8,NONTOD|City Center,9,3,108.0,43.14393972637782,5.6158805691729,34.30088916810434,0.0,3.22716998910058,15505.64541511,0.0,313244.7877466671,14125.358642416002,0.0,0.0,0.0,0.0,43237.0,80297.0,29.52478748178,580.1228712408549,0.0,0.0,72.0,0.0,11.332253710840702,0.0,0.0,66.0
3.0,130,0,CRT|City Center,7,2,8.0,0.4576634920587,0.0620380251801,0.3956254668786,0.0,0.0,0.0,0.0,0.0,2475.3484414181,0.0,0.0,0.0,0.0,0.0,0.0,0.0,0.0,0.0,0.0,0.0,0.0,1.6841950207241,0.0,0.0,0.0
3.0,130,8,NONTOD|City Center,9,3,47.0,20.82074208404672,2.444580214966702,8.40964321329414,0.0,9.966518655785878,0.0,0.0,63588.61149363,20391.401024546103,0.0,0.0,0.0,0.0,133530.0,247984.0,0.0,148.152441072366,0.0,0.0,222.0,0.0,14.1983403144854,0.0,0.0,206.0
3.0,131,0,CRT|City Center,7,3,58.0,7.3613329867855075,0.00824451832146,7.345980037994818,0.0,0.00710843046923,0.0,0.0,0.0,70157.72572368826,0.0,0.0,0.0,0.0,218.0,326.0,0.0,0.0,0.0,0.0,0.0,0.0,74.57645856224022,0.0,0.0,0.0
3.0,131,8,NONTOD|City Center,9,3,69.0,34.67467162284674,0.0421884890163315,31.003065722269305,0.0,3.6294174115611,0.0,11.4266665768,754.2771212530669,172291.53807564566,0.0,0.0,0.0,0.0,48626.0,90305.0,0.0,2.016375098522698,0.0,0.0,81.0,0.0051868663535,150.06876336548373,0.0,0.0,75.0
3.0,132,8,NONTOD|City Center,9,4,368.0,150.07500524050957,6.850585553393001,138.1853335537616,0.633636884305,4.40544924904996,1399.53095114,4857.25806199,258069.64372992204,446930.51475264935,0.0,1730.420508567,8489.0,15765.0,59023.0,109614.0,3.99865986039,560.1702539239191,0.0,14.0,98.0,3.824167419583,274.06678409073487,1.999329346806,13.0,91.0
3.0,169,10,NONTOD|Urban Center,6,4,69.0,37.25814873186985,0.795771075472,34.14329878861011,0.184646406657,2.1344324611307464,73.5358492729,0.0,579220.3927907094,12371.475286684,0.0,839.693710601,6384.0,7802.0,73802.0,90202.0,0.196619917842,1036.6557858560247,0.0,12.0,147.0,0.0,11.995614709732,1.99927073953,6.0,75.0
3.0,170,8,NONTOD|City Center,9,3,147.0,138.28589541490234,6.8980638621558406,99.28822452169184,0.0,32.09960703105464,10007.1841587,0.0,1826986.8966449036,8315.151966873,0.0,0.0,0.0,0.0,430068.0,798697.0,15.8091376914,3124.141627208885,0.0,0.0,716.0,0.0,574.3879442811731,0.0,0.0,665.0
3.0,171,8,NONTOD|City Center,9,3,77.0,4.412904934352224,0.4371288596098746,3.5785606048665897,0.0,0.39721546987576,0.0,90.6895786791,4636.705643023,30979.292070913,0.0,0.0,0.0,0.0,5321.0,9881.0,0.0,9.030447373835,0.0,0.0,8.0,0.0440290515226,27.579281812357,0.0,0.0,8.0
3.0,181,8,NONTOD|City Center,9,3,13.0,1.1377753965618131,0.0042541120857299,0.439079703522283,0.0,0.6944415809538,11.1062901943,0.0,3453.8291947683,115.15099636687,0.0,0.0,0.0,0.0,9304.0,17278.0,0.0296959630862,5.456286247661801,0.0,0.0,15.0,0.0,0.07742291110602,0.0,0.0,14.0
3.0,195,8,NONTOD|City Center,9,3,213.0,65.12448115564251,19.776125586409208,10.446517536974708,0.0,34.90183803225859,2617.08483607,0.0,106255.831898468,126450.97347817458,0.0,0.0,0.0,0.0,467612.0,868422.0,6.99755303763,184.121292748134,0.0,0.0,779.0,0.0,79.37922753846787,0.0,0.0,723.0
3.0,196,8,NONTOD|City Center,9,3,173.0,93.63528168039758,10.37176031174622,19.158243967248147,0.0,64.10527740140321,38595.4418343,10133.32501029,13762.10584513,133100.63106595704,0.0,0.0,0.0,0.0,858878.0,1595059.0,60.9722619815,14.92700989894,0.0,0.0,1431.0,8.213619461658,108.92642988963648,0.0,0.0,1329.0
3.0,197,8,NONTOD|City Center,9,4,399.0,426.5832162086172,47.15884068860755,164.11373011551015,16.682957741427,198.6276876630725,37926.5795017458,8111.668100708,257620.9515855289,275701.2287583366,0.0,21741.980477781,223517.0,415103.0,2661200.0,4942228.0,101.9944505852687,410.537547893289,0.0,372.0,4435.0,6.987817514196001,334.13897940764264,14.148956336735,345.0,4118.0
3.0,198,8,NONTOD|City Center,9,3,97.0,38.29970812065273,2.3722404544755005,19.10780740283304,0.0,16.81966026334419,2531.089947336,4397.81706307,7133.885316494,49283.04409069758,0.0,0.0,0.0,0.0,225348.0,418503.0,3.998562318071,15.762355115035998,0.0,0.0,375.0,1.917331133131,37.54153665227882,0.0,0.0,348.0
4.0,0,2,CRT|NA,10,3,89.0,43.94782777951275,6.743386570064079,6.4266451784868615,0.0,30.77779603096181,0.0,180.41068600459005,0.0,25060.94258922436,0.0,0.0,0.0,0.0,333210.0,777489.0,0.0,0.0,0.0,0.0,555.0,0.06148966803164,6.391682516678312,0.0,0.0,647.0
4.0,1,0,CRT|City Center,7,3,154.0,64.7074745879691,20.616794054175656,22.210931950151544,0.0,21.879748583641906,0.0,0.0,184465.7437496882,7539.3918322536,0.0,0.0,0.0,0.0,671259.0,1006888.0,0.0,492.71635745643744,0.0,0.0,1118.0,0.0,3.4132754803136,0.0,0.0,839.0
4.0,1,8,NONTOD|City Center,9,4,852.0,256.94834064019045,22.26947916049551,187.94914487191252,1.170084176981114,45.55963243080127,2532.285016146083,5092.414940622382,1528947.444934412,164726.60376306387,0.0,4504.938987740428,15676.0,29112.0,610405.0,1133609.0,4.000450262469064,3981.1054009570416,0.0,26.0,1017.0,3.000244466195231,197.7321943806202,2.281501298523513,24.0,944.0
4.0,2,8,NONTOD|City Center,9,3,77.0,117.04998896981152,1.3277151492345285,60.55473397009982,0.0,55.16753985047717,1000.1187325360564,0.0,1619944.5289852326,1813.82731080022,0.0,0.0,0.0,0.0,739131.0,1372671.0,4.000474930140236,2288.15103489969,0.0,0.0,1231.0,0.0,0.9955144406157947,0.0,0.0,1143.0
4.0,35,8,NONTOD|City Center,9,3,1040.0,476.63905290962475,89.36211892633004,47.93917302144497,0.0,339.33776096184977,77360.19979477982,0.0,0.0,658695.4162554583,0.0,0.0,0.0,0.0,4546425.0,8443360.0,221.02914227062803,0.0,0.0,0.0,7577.0,0.0,240.77164564589228,0.0,0.0,7036.0
4.0,56,8,NONTOD|City Center,9,3,14.0,0.41841572369633906,0.2762393613630896,0.0564415442668895,0.0,0.08573481806636,0.0,0.0,0.0,797.7293841277859,0.0,0.0,0.0,0.0,1148.0,2132.0,0.0,0.0,0.0,0.0,1.0,0.0,0.2110095919723175,0.0,0.0,1.0
4.0,57,2,CRT|NA,10,3,194.0,55.49409358994532,35.607659634572286,16.624242421052582,0.0,3.26219153432045,566.6381397991287,5274.20625816,0.0,367643.8208212648,0.0,0.0,0.0,0.0,35317.0,82406.0,0.812768859597172,0.0,0.0,0.0,58.0,1.292988001825,94.424978596432,0.0,0.0,68.0
4.0,58,8,NONTOD|City Center,9,3,145.0,52.000690606827774,1.9838525970944692,32.6954467989405,0.0,17.321391210792807,5264.719614210126,0.0,492701.4524761603,844.9031642812358,0.0,0.0,0.0,0.0,232070.0,430987.0,7.941885402291562,1074.7077264603467,0.0,0.0,386.0,0.0,0.2204179518214161,0.0,0.0,359.0
4.0,59,3,CRT|Urban Center,4,3,133.0,109.85889450218252,33.95415553333087,53.6016369333159,0.0,22.30310203553576,6502.2408771058535,0.0,2329021.293481382,143569.4613548054,0.0,0.0,0.0,0.0,1308134.0,1308134.0,6.801227060548162,3684.798248162896,0.0,0.0,2616.0,0.0,38.37767637698734,0.0,0.0,1308.0
4.0,59,10,NONTOD|Urban Center,6,3,2633.0,590.783973180395,99.86224139062249,170.9275593346042,0.0,319.9941724551683,24466.342768250644,0.0,3087197.2809733665,1825296.5209579703,0.0,0.0,0.0,0.0,11064514.0,13523294.0,25.961150968158663,5800.492458695016,0.0,0.0,22129.0,0.0,884.4878453374453,0.0,0.0,11269.0
4.0,60,8,NONTOD|City Center,9,3,230.0,252.92736604895163,59.38134303478315,3.500612711587488,0.0,190.045410302581,0.0,0.0,183961.5831396231,0.0,0.0,0.0,0.0,0.0,2546216.0,4728686.0,0.0,263.05440748898985,0.0,0.0,4243.0,0.0,0.0,0.0,0.0,3940.0
4.0,103,8,NONTOD|City Center,9,4,1433.0,125.80892127701989,10.215006450019684,100.08236773682678,2.00808063059847,13.503466459574948,11642.73793988617,20435.841701915488,308720.90890387143,985127.3042063016,0.0,10819.277995261677,26904.0,49964.0,180918.0,335990.0,33.2649655424534,548.4276081731155,0.0,44.0,301.0,15.002108215470637,674.150809134457,7.051144533520315,41.0,279.0
4.0,104,8,NONTOD|City Center,9,4,1227.0,154.5449423198272,5.462720272191988,115.72078189291638,0.123911222117,33.237528932601805,0.0,57419.26968075141,1470731.0709609366,243004.5543686624,0.0,976.131457652,1660.0,3082.0,445314.0,827011.0,0.0,2661.6071618067067,0.0,2.0,742.0,30.022241814970307,530.1217909568674,1.00013469022,2.0,689.0
4.0,105,8,NONTOD|City Center,9,4,31809.0,207.2729108649595,43.95891366601428,135.8181954274688,0.175569766838,27.32023200463844,70328.5469732931,85953.868577719,1649598.874096479,993835.2245142212,0.0,1582.5746114,2352.0,4368.0,366034.0,679777.0,168.24620341286084,3976.300961425529,0.0,3.0,610.0,42.26989947776204,673.9258978253312,0.706506522948,3.0,566.0
4.0,106,2,CRT|NA,10,4,349.0,128.06758189958796,49.92649354484363,21.23708658234343,0.0866118613046507,56.81738991109624,267103.14138790127,0.0,53100.46326597981,108976.39481346184,0.0,317.517616386443,937.0,2186.0,615123.0,1435287.0,763.1518325363181,120.41943716533837,0.0,1.0,1025.0,0.0,70.56601459354816,0.1647775836231525,1.0,1196.0
4.0,107,10,NONTOD|Urban Center,6,4,2413.0,577.7436151766399,21.008202834348413,468.89468450802735,3.7132964567044464,84.1274313775597,55509.75707401369,0.0,6248054.465557309,633569.4327450974,0.0,24762.053251720063,128395.0,156927.0,2908894.0,3555314.0,158.59930592559596,14472.494196038002,0.0,256.0,5817.0,0.0,1493.7863622893856,13.715778415660331,130.0,2962.0
4.0,108,8,NONTOD|City Center,9,3,57.0,14.59911296100623,0.140655109728,5.924860241546313,0.0,8.533597609731915,1919.15945436,0.0,26749.69572383678,0.0,0.0,0.0,0.0,0.0,114332.0,212330.0,1.96836867114,32.12093327477947,0.0,0.0,190.0,0.0,0.0,0.0,0.0,176.0
4.0,111,8,NONTOD|City Center,9,4,927.0,204.37619184520904,7.557478140236499,87.45157940970212,18.225560225818253,91.14157406945216,64.2995516575,1701.0961024306,910186.544176182,332221.91431758314,0.0,82663.88147329856,244184.0,453484.0,1221108.0,2267772.0,0.183713004736,1936.7524702983776,0.0,406.0,2035.0,0.7183682864975,162.06953296660444,42.02058547465863,377.0,1889.0
4.0,112,8,NONTOD|City Center,9,3,231.0,138.1500789111044,0.4643425187002156,17.74096181833531,0.0,119.94477457406887,0.0,516.5023614844297,413719.0643261564,3272.007255871435,0.0,0.0,0.0,0.0,1607012.0,2984450.0,0.0,696.5865525103101,0.0,0.0,2678.0,0.4628157360977682,2.214965997835003,0.0,0.0,2487.0
4.0,115,3,CRT|Urban Center,4,4,1113.0,109.92266513767923,0.9085177629787776,77.15550508129056,9.20477672527272,22.65386556813717,215.71685396726696,27.3203061206,1076836.9464314233,417193.82503151,0.0,52906.80027972237,539884.0,539884.0,1328708.0,1328708.0,0.2212480553513048,1649.721103690038,0.0,1079.0,2657.0,0.0223326753029,482.8605398332005,36.89730020627345,539.0,1328.0
4.0,115,10,NONTOD|Urban Center,6,4,14505.0,1282.8292519769839,291.72510271711354,766.197060162184,32.83949698933186,192.0675921083545,4937227.671312575,281183.1000078405,12873755.277616374,7019440.658163052,0.0,227308.04752477992,1135499.0,1387832.0,6641166.0,8116980.0,9559.64560693376,25320.830785795068,0.0,2270.0,13282.0,430.5284636656066,9218.06767034024,146.61391066337828,1156.0,6764.0
4.0,116,8,NONTOD|City Center,9,4,2755.0,301.07501099067355,22.41205856610845,239.84969298328116,3.273310704618052,35.539948736665885,1567.5233546739555,5806.384184169513,1693856.958266771,1878550.320835448,0.0,9379.79525123325,43855.0,81445.0,476161.0,884299.0,4.410517299810566,3171.4199102756124,0.0,73.0,793.0,18.248179652305726,1961.3494931069556,5.506672828289477,67.0,736.0
4.0,117,2,CRT|NA,10,4,448.0,46.84571898217675,3.540550800678882,32.829182269528054,1.9052970310316384,8.570688880938178,759.4348887642279,7313.736415297636,285518.8981713735,178424.29000168218,0.0,6772.16070997059,20627.0,48129.0,92788.0,216505.0,0.778907578220617,301.13356994222465,0.0,34.0,154.0,5.978531129673052,228.78291560705588,4.791317388552783,40.0,180.0
4.0,161,8,NONTOD|City Center,9,3,765.0,511.5846317434995,37.17922112281902,64.5846497333235,0.0,409.820760887357,3859.037618568,61190.81353865675,156352.42302444283,334357.570004991,0.0,0.0,0.0,0.0,5490752.0,10197110.0,10.147909585109,295.0531339284517,0.0,0.0,9151.0,39.20379962182093,122.7883083797805,0.0,0.0,8497.0
4.0,179,8,NONTOD|City Center,9,4,228.0,115.46182367006497,1.3877151105312766,69.2960903481822,0.138182915504,44.639835295847504,0.0,0.0,1095344.65164897,4231.4506870542,0.0,505.177008011,1851.0,3437.0,598081.0,1110721.0,0.0,2711.486008282864,0.0,3.0,996.0,0.0,4.469957776820501,0.543201083883,2.0,925.0
4.0,180,8,NONTOD|City Center,9,4,1584.0,331.28558914795764,23.22010027105485,147.47739080629748,21.125225788594086,139.46287228201126,8803.59938201636,77066.89424923246,1142712.7470368063,749384.4950106494,0.0,106290.67152262975,283034.0,525634.0,1868514.0,3470097.0,25.153141091445924,2529.8067273967613,0.0,471.0,3114.0,48.52388499290831,530.6326135893776,57.379041653352566,438.0,2891.0
4.0,193,8,NONTOD|City Center,9,3,173.0,398.9045246297014,2.47563686411,81.66993860453812,0.0,314.7589491610533,0.0,0.0,293009.04151566204,0.0,0.0,0.0,0.0,0.0,4217120.0,7831794.0,0.0,61.18802203450801,0.0,0.0,7028.0,0.0,0.0,0.0,0.0,6526.0
